{"timestamp": "2026-01-16T14:26:51.169861", "level": "INFO", "logger": "elli", "message": "Snowflake credentials not found, using mock mode", "taskName": null, "service": "ai", "mode": "mock"}
{"timestamp": "2026-01-16T14:26:51.172705", "level": "INFO", "logger": "elli", "message": "Snowflake credentials not found, using mock mode", "taskName": null, "service": "ai", "mode": "mock"}
{"timestamp": "2026-01-16T14:26:51.174426", "level": "INFO", "logger": "elli", "message": "Snowflake credentials not found, using mock mode", "taskName": null, "service": "ai", "mode": "mock"}
{"timestamp": "2026-01-16T14:26:51.175872", "level": "INFO", "logger": "elli", "message": "Snowflake credentials not found, using mock mode", "taskName": null, "service": "ai", "mode": "mock"}
{"timestamp": "2026-01-16T14:26:51.177712", "level": "INFO", "logger": "elli", "message": "Snowflake credentials not found, using mock mode", "taskName": null, "service": "ai", "mode": "mock"}
{"timestamp": "2026-01-16T14:27:02.475537", "level": "INFO", "logger": "elli", "message": "Connected to Snowflake Cortex", "taskName": null, "service": "ai", "mode": "real"}
{"timestamp": "2026-01-16T14:27:02.476332", "level": "INFO", "logger": "elli", "message": "API call succeeded: snowflake.cortex.complete (0ms)", "taskName": null, "service": "snowflake", "method": "cortex.complete", "duration_ms": 0.17, "success": true, "error": null, "model": "llama3-70b", "query": "Test query", "has_history": false}
{"timestamp": "2026-01-16T14:27:02.476602", "level": "INFO", "logger": "elli", "message": "Snowflake connection closed", "taskName": null, "service": "ai"}
{"timestamp": "2026-01-16T14:27:02.493398", "level": "INFO", "logger": "elli", "message": "Snowflake credentials not found, using mock mode", "taskName": null, "service": "ai", "mode": "mock"}
{"timestamp": "2026-01-16T14:27:02.495083", "level": "INFO", "logger": "elli", "message": "Snowflake credentials not found, using mock mode", "taskName": null, "service": "ai", "mode": "mock"}
{"timestamp": "2026-01-16T14:27:02.496647", "level": "INFO", "logger": "elli", "message": "Snowflake credentials not found, using mock mode", "taskName": null, "service": "ai", "mode": "mock"}
{"timestamp": "2026-01-16T14:27:02.498218", "level": "INFO", "logger": "elli", "message": "Snowflake credentials not found, using mock mode", "taskName": null, "service": "ai", "mode": "mock"}
{"timestamp": "2026-01-16T14:28:42.122550", "level": "INFO", "logger": "elli", "message": "Snowflake credentials not found, using mock mode", "taskName": null, "service": "ai", "mode": "mock"}
{"timestamp": "2026-01-16T14:28:42.125605", "level": "INFO", "logger": "elli", "message": "Snowflake credentials not found, using mock mode", "taskName": null, "service": "ai", "mode": "mock"}
{"timestamp": "2026-01-16T14:28:42.127209", "level": "INFO", "logger": "elli", "message": "Snowflake credentials not found, using mock mode", "taskName": null, "service": "ai", "mode": "mock"}
{"timestamp": "2026-01-16T14:28:42.128707", "level": "INFO", "logger": "elli", "message": "Snowflake credentials not found, using mock mode", "taskName": null, "service": "ai", "mode": "mock"}
{"timestamp": "2026-01-16T14:28:42.130258", "level": "INFO", "logger": "elli", "message": "Snowflake credentials not found, using mock mode", "taskName": null, "service": "ai", "mode": "mock"}
{"timestamp": "2026-01-16T14:28:43.168794", "level": "INFO", "logger": "elli", "message": "Connected to Snowflake Cortex", "taskName": null, "service": "ai", "mode": "real"}
{"timestamp": "2026-01-16T14:28:43.169338", "level": "INFO", "logger": "elli", "message": "API call succeeded: snowflake.cortex.complete (0ms)", "taskName": null, "service": "snowflake", "method": "cortex.complete", "duration_ms": 0.15, "success": true, "error": null, "model": "llama3-70b", "query": "Test query", "has_history": false}
{"timestamp": "2026-01-16T14:28:43.169670", "level": "INFO", "logger": "elli", "message": "Snowflake connection closed", "taskName": null, "service": "ai"}
{"timestamp": "2026-01-16T14:28:43.172862", "level": "INFO", "logger": "elli", "message": "Snowflake credentials not found, using mock mode", "taskName": null, "service": "ai", "mode": "mock"}
{"timestamp": "2026-01-16T14:28:43.174495", "level": "INFO", "logger": "elli", "message": "Snowflake credentials not found, using mock mode", "taskName": null, "service": "ai", "mode": "mock"}
{"timestamp": "2026-01-16T14:28:43.176125", "level": "INFO", "logger": "elli", "message": "Snowflake credentials not found, using mock mode", "taskName": null, "service": "ai", "mode": "mock"}
{"timestamp": "2026-01-16T14:28:43.177772", "level": "INFO", "logger": "elli", "message": "Snowflake credentials not found, using mock mode", "taskName": null, "service": "ai", "mode": "mock"}
{"timestamp": "2026-01-16T14:29:42.278759", "level": "INFO", "logger": "elli", "message": "Snowflake credentials not found, using mock mode", "taskName": null, "service": "ai", "mode": "mock"}
{"timestamp": "2026-01-16T14:29:42.322206", "level": "INFO", "logger": "elli", "message": "Snowflake credentials not found, using mock mode", "taskName": null, "service": "ai", "mode": "mock"}
{"timestamp": "2026-01-16T14:29:42.326011", "level": "INFO", "logger": "elli", "message": "Snowflake credentials not found, using mock mode", "taskName": null, "service": "ai", "mode": "mock"}
{"timestamp": "2026-01-16T14:29:42.329552", "level": "INFO", "logger": "elli", "message": "Snowflake credentials not found, using mock mode", "taskName": null, "service": "ai", "mode": "mock"}
{"timestamp": "2026-01-16T14:29:42.331869", "level": "INFO", "logger": "elli", "message": "Snowflake credentials not found, using mock mode", "taskName": null, "service": "ai", "mode": "mock"}
{"timestamp": "2026-01-16T14:30:03.692034", "level": "INFO", "logger": "elli", "message": "Connected to Snowflake Cortex", "taskName": null, "service": "ai", "mode": "real"}
{"timestamp": "2026-01-16T14:30:03.693241", "level": "INFO", "logger": "elli", "message": "API call succeeded: snowflake.cortex.complete (0ms)", "taskName": null, "service": "snowflake", "method": "cortex.complete", "duration_ms": 0.28, "success": true, "error": null, "model": "llama3-70b", "query": "Test query", "has_history": false}
{"timestamp": "2026-01-16T14:30:03.693714", "level": "INFO", "logger": "elli", "message": "Snowflake connection closed", "taskName": null, "service": "ai"}
{"timestamp": "2026-01-16T14:30:03.767697", "level": "INFO", "logger": "elli", "message": "Snowflake credentials not found, using mock mode", "taskName": null, "service": "ai", "mode": "mock"}
{"timestamp": "2026-01-16T14:30:03.770331", "level": "INFO", "logger": "elli", "message": "Snowflake credentials not found, using mock mode", "taskName": null, "service": "ai", "mode": "mock"}
{"timestamp": "2026-01-16T14:30:03.773006", "level": "INFO", "logger": "elli", "message": "Snowflake credentials not found, using mock mode", "taskName": null, "service": "ai", "mode": "mock"}
{"timestamp": "2026-01-16T14:30:03.774530", "level": "INFO", "logger": "elli", "message": "Snowflake credentials not found, using mock mode", "taskName": null, "service": "ai", "mode": "mock"}
{"timestamp": "2026-01-16T14:30:21.386784", "level": "INFO", "logger": "elli", "message": "Snowflake credentials not found, using mock mode", "taskName": null, "service": "ai", "mode": "mock"}
{"timestamp": "2026-01-16T14:30:21.389639", "level": "INFO", "logger": "elli", "message": "Snowflake credentials not found, using mock mode", "taskName": null, "service": "ai", "mode": "mock"}
{"timestamp": "2026-01-16T14:30:21.391113", "level": "INFO", "logger": "elli", "message": "Snowflake credentials not found, using mock mode", "taskName": null, "service": "ai", "mode": "mock"}
{"timestamp": "2026-01-16T14:30:21.392436", "level": "INFO", "logger": "elli", "message": "Snowflake credentials not found, using mock mode", "taskName": null, "service": "ai", "mode": "mock"}
{"timestamp": "2026-01-16T14:30:21.393839", "level": "INFO", "logger": "elli", "message": "Snowflake credentials not found, using mock mode", "taskName": null, "service": "ai", "mode": "mock"}
{"timestamp": "2026-01-16T14:30:22.466745", "level": "INFO", "logger": "elli", "message": "Connected to Snowflake Cortex", "taskName": null, "service": "ai", "mode": "real"}
{"timestamp": "2026-01-16T14:30:22.467666", "level": "INFO", "logger": "elli", "message": "API call succeeded: snowflake.cortex.complete (0ms)", "taskName": null, "service": "snowflake", "method": "cortex.complete", "duration_ms": 0.19, "success": true, "error": null, "model": "llama3-70b", "query": "Test query", "has_history": false}
{"timestamp": "2026-01-16T14:30:22.468240", "level": "INFO", "logger": "elli", "message": "Snowflake connection closed", "taskName": null, "service": "ai"}
{"timestamp": "2026-01-16T14:30:22.471524", "level": "INFO", "logger": "elli", "message": "Snowflake credentials not found, using mock mode", "taskName": null, "service": "ai", "mode": "mock"}
{"timestamp": "2026-01-16T14:30:22.473119", "level": "INFO", "logger": "elli", "message": "Snowflake credentials not found, using mock mode", "taskName": null, "service": "ai", "mode": "mock"}
{"timestamp": "2026-01-16T14:30:22.474564", "level": "INFO", "logger": "elli", "message": "Snowflake credentials not found, using mock mode", "taskName": null, "service": "ai", "mode": "mock"}
{"timestamp": "2026-01-16T14:30:22.476063", "level": "INFO", "logger": "elli", "message": "Snowflake credentials not found, using mock mode", "taskName": null, "service": "ai", "mode": "mock"}
{"timestamp": "2026-01-16T15:32:08.079229", "level": "INFO", "logger": "elli", "message": "Snowflake credentials not found, using mock mode", "taskName": null, "service": "ai", "mode": "mock"}
{"timestamp": "2026-01-16T15:38:56.943007", "level": "INFO", "logger": "elli", "message": "Snowflake credentials not found, using mock mode", "taskName": null, "service": "ai", "mode": "mock"}
{"timestamp": "2026-01-16T15:38:56.943165", "level": "INFO", "logger": "elli", "message": "Snowflake credentials not found, using mock vector store", "taskName": null, "service": "vector_store", "mode": "mock"}
{"timestamp": "2026-01-16T15:38:56.943236", "level": "INFO", "logger": "elli", "message": "RAG service initialized (top_k=3)", "taskName": null, "top_k": 3}
{"timestamp": "2026-01-16T15:38:56.943295", "level": "INFO", "logger": "elli", "message": "Semantic memory initialized (interval=10)", "taskName": null, "service": "semantic_memory"}
{"timestamp": "2026-01-16T15:38:57.264464", "level": "INFO", "logger": "elli", "message": "Elli is running!", "taskName": null}
{"timestamp": "2026-01-16T15:39:55.867204", "level": "INFO", "logger": "elli", "message": "Snowflake credentials not found, using mock mode", "taskName": null, "service": "ai", "mode": "mock"}
{"timestamp": "2026-01-16T15:39:55.867650", "level": "INFO", "logger": "elli", "message": "Snowflake credentials not found, using mock vector store", "taskName": null, "service": "vector_store", "mode": "mock"}
{"timestamp": "2026-01-16T15:39:55.867819", "level": "INFO", "logger": "elli", "message": "RAG service initialized (top_k=3)", "taskName": null, "top_k": 3}
{"timestamp": "2026-01-16T15:39:55.868075", "level": "INFO", "logger": "elli", "message": "Semantic memory initialized (interval=10)", "taskName": null, "service": "semantic_memory"}
{"timestamp": "2026-01-16T15:39:56.067270", "level": "INFO", "logger": "elli", "message": "Elli is running!", "taskName": null}
{"timestamp": "2026-01-16T15:40:19.357701", "level": "INFO", "logger": "elli", "message": "Received app mention from user U09FL7NTXCG", "taskName": null, "user_id": "U09FL7NTXCG", "channel_id": "C0A8HF2Q7GT", "query": "<@U0A8MMCJWUE> are awake"}
{"timestamp": "2026-01-16T15:40:19.627979", "level": "INFO", "logger": "elli", "message": "Query succeeded: <@U0A8MMCJWUE> are awake...", "taskName": null, "user_id": "U09FL7NTXCG", "query_type": "direct_ai", "duration_ms": 270.18213272094727, "success": true}
{"timestamp": "2026-01-16T16:02:27.114061", "level": "INFO", "logger": "elli", "message": "Snowflake credentials not found, using mock mode", "taskName": null, "service": "ai", "mode": "mock"}
{"timestamp": "2026-01-16T16:02:27.114205", "level": "INFO", "logger": "elli", "message": "Snowflake credentials not found, using mock vector store", "taskName": null, "service": "vector_store", "mode": "mock"}
{"timestamp": "2026-01-16T16:02:27.114260", "level": "INFO", "logger": "elli", "message": "RAG service initialized (top_k=3)", "taskName": null, "top_k": 3}
{"timestamp": "2026-01-16T16:02:27.114304", "level": "INFO", "logger": "elli", "message": "Semantic memory initialized (interval=10)", "taskName": null, "service": "semantic_memory"}
{"timestamp": "2026-01-16T16:02:27.433480", "level": "INFO", "logger": "elli", "message": "Salesforce credentials not found, using mock mode", "taskName": null, "service": "salesforce", "mode": "mock"}
{"timestamp": "2026-01-16T16:02:27.433705", "level": "INFO", "logger": "elli", "message": "Snowflake credentials not found, using mock vector store", "taskName": null, "service": "vector_store", "mode": "mock"}
{"timestamp": "2026-01-16T16:02:27.433874", "level": "INFO", "logger": "elli", "message": "Elli is running!", "taskName": null}
{"timestamp": "2026-01-16T17:07:42.121014", "level": "INFO", "logger": "elli", "message": "Received app mention from user U08PH3H775K", "taskName": null, "user_id": "U08PH3H775K", "channel_id": "C0A8HF2Q7GT", "query": "You don't like <@U0A8MMCJWUE>?"}
{"timestamp": "2026-01-16T17:07:42.425658", "level": "INFO", "logger": "elli", "message": "Query succeeded: You don't like <@U0A8MMCJWUE>?...", "taskName": null, "user_id": "U08PH3H775K", "query_type": "direct_ai", "duration_ms": 304.87966537475586, "success": true}
{"timestamp": "2026-01-16T19:00:42.185037", "level": "INFO", "logger": "elli", "message": "Snowflake credentials not found, using mock mode", "taskName": null, "service": "ai", "mode": "mock"}
{"timestamp": "2026-01-16T19:00:42.215751", "level": "INFO", "logger": "elli", "message": "Snowflake credentials not found, using mock mode", "taskName": null, "service": "ai", "mode": "mock"}
{"timestamp": "2026-01-16T19:00:42.217497", "level": "INFO", "logger": "elli", "message": "Snowflake credentials not found, using mock mode", "taskName": null, "service": "ai", "mode": "mock"}
{"timestamp": "2026-01-16T19:00:42.220454", "level": "INFO", "logger": "elli", "message": "Snowflake credentials not found, using mock mode", "taskName": null, "service": "ai", "mode": "mock"}
{"timestamp": "2026-01-16T19:00:42.222909", "level": "INFO", "logger": "elli", "message": "Snowflake credentials not found, using mock mode", "taskName": null, "service": "ai", "mode": "mock"}
{"timestamp": "2026-01-16T19:01:00.747360", "level": "INFO", "logger": "elli", "message": "Connected to Snowflake Cortex", "taskName": null, "service": "ai", "mode": "real"}
{"timestamp": "2026-01-16T19:01:00.749100", "level": "INFO", "logger": "elli", "message": "API call succeeded: snowflake.cortex.complete (1ms)", "taskName": null, "service": "snowflake", "method": "cortex.complete", "duration_ms": 0.54, "success": true, "error": null, "model": "llama3-70b", "query": "Test query", "has_history": false}
{"timestamp": "2026-01-16T19:01:00.749741", "level": "INFO", "logger": "elli", "message": "Snowflake connection closed", "taskName": null, "service": "ai"}
{"timestamp": "2026-01-16T19:01:00.799310", "level": "INFO", "logger": "elli", "message": "Snowflake credentials not found, using mock mode", "taskName": null, "service": "ai", "mode": "mock"}
{"timestamp": "2026-01-16T19:01:00.803130", "level": "INFO", "logger": "elli", "message": "Snowflake credentials not found, using mock mode", "taskName": null, "service": "ai", "mode": "mock"}
{"timestamp": "2026-01-16T19:01:00.806159", "level": "INFO", "logger": "elli", "message": "Snowflake credentials not found, using mock mode", "taskName": null, "service": "ai", "mode": "mock"}
{"timestamp": "2026-01-16T19:01:00.808981", "level": "INFO", "logger": "elli", "message": "Snowflake credentials not found, using mock mode", "taskName": null, "service": "ai", "mode": "mock"}
{"timestamp": "2026-01-16T19:08:10.266532", "level": "INFO", "logger": "elli", "message": "Snowflake credentials not found, using mock mode", "taskName": null, "service": "ai", "mode": "mock"}
{"timestamp": "2026-01-16T19:08:10.266930", "level": "INFO", "logger": "elli", "message": "Snowflake credentials not found, using mock vector store", "taskName": null, "service": "vector_store", "mode": "mock"}
{"timestamp": "2026-01-16T19:08:10.267202", "level": "INFO", "logger": "elli", "message": "RAG service initialized (top_k=3)", "taskName": null, "top_k": 3}
{"timestamp": "2026-01-16T19:08:10.267459", "level": "INFO", "logger": "elli", "message": "Semantic memory initialized (interval=10)", "taskName": null, "service": "semantic_memory"}
{"timestamp": "2026-01-16T19:08:10.554047", "level": "INFO", "logger": "elli", "message": "Salesforce credentials not found, using mock mode", "taskName": null, "service": "salesforce", "mode": "mock"}
{"timestamp": "2026-01-16T19:08:10.555016", "level": "INFO", "logger": "elli", "message": "Snowflake credentials not found, using mock vector store", "taskName": null, "service": "vector_store", "mode": "mock"}
{"timestamp": "2026-01-16T19:08:10.555226", "level": "INFO", "logger": "elli", "message": "Elli is running!", "taskName": null}
{"timestamp": "2026-01-16T19:11:02.282196", "level": "INFO", "logger": "elli", "message": "Snowflake credentials not found, using mock mode", "taskName": null, "service": "ai", "mode": "mock"}
{"timestamp": "2026-01-16T19:11:02.308011", "level": "INFO", "logger": "elli", "message": "Snowflake credentials not found, using mock mode", "taskName": null, "service": "ai", "mode": "mock"}
{"timestamp": "2026-01-16T19:11:02.309813", "level": "INFO", "logger": "elli", "message": "Snowflake credentials not found, using mock mode", "taskName": null, "service": "ai", "mode": "mock"}
{"timestamp": "2026-01-16T19:11:02.311247", "level": "INFO", "logger": "elli", "message": "Snowflake credentials not found, using mock mode", "taskName": null, "service": "ai", "mode": "mock"}
{"timestamp": "2026-01-16T19:11:02.312689", "level": "INFO", "logger": "elli", "message": "Snowflake credentials not found, using mock mode", "taskName": null, "service": "ai", "mode": "mock"}
{"timestamp": "2026-01-16T19:11:21.227120", "level": "INFO", "logger": "elli", "message": "Connected to Snowflake Cortex", "taskName": null, "service": "ai", "mode": "real"}
{"timestamp": "2026-01-16T19:11:21.228458", "level": "INFO", "logger": "elli", "message": "API call succeeded: snowflake.cortex.complete (0ms)", "taskName": null, "service": "snowflake", "method": "cortex.complete", "duration_ms": 0.17, "success": true, "error": null, "model": "llama3-70b", "query": "Test query", "has_history": false}
{"timestamp": "2026-01-16T19:11:21.228774", "level": "INFO", "logger": "elli", "message": "Snowflake connection closed", "taskName": null, "service": "ai"}
{"timestamp": "2026-01-16T19:11:21.293211", "level": "INFO", "logger": "elli", "message": "Snowflake credentials not found, using mock mode", "taskName": null, "service": "ai", "mode": "mock"}
{"timestamp": "2026-01-16T19:11:21.294845", "level": "INFO", "logger": "elli", "message": "Snowflake credentials not found, using mock mode", "taskName": null, "service": "ai", "mode": "mock"}
{"timestamp": "2026-01-16T19:11:21.296348", "level": "INFO", "logger": "elli", "message": "Snowflake credentials not found, using mock mode", "taskName": null, "service": "ai", "mode": "mock"}
{"timestamp": "2026-01-16T19:11:21.297924", "level": "INFO", "logger": "elli", "message": "Snowflake credentials not found, using mock mode", "taskName": null, "service": "ai", "mode": "mock"}
{"timestamp": "2026-01-16T19:13:04.098717", "level": "INFO", "logger": "elli", "message": "Snowflake credentials not found, using mock mode", "taskName": null, "service": "ai", "mode": "mock"}
{"timestamp": "2026-01-16T19:13:04.099224", "level": "INFO", "logger": "elli", "message": "Snowflake credentials not found, using mock vector store", "taskName": null, "service": "vector_store", "mode": "mock"}
{"timestamp": "2026-01-16T19:13:04.099451", "level": "INFO", "logger": "elli", "message": "RAG service initialized (top_k=3)", "taskName": null, "top_k": 3}
{"timestamp": "2026-01-16T19:13:04.099760", "level": "INFO", "logger": "elli", "message": "Semantic memory initialized (interval=10)", "taskName": null, "service": "semantic_memory"}
{"timestamp": "2026-01-16T19:13:04.382444", "level": "INFO", "logger": "elli", "message": "Salesforce credentials not found, using mock mode", "taskName": null, "service": "salesforce", "mode": "mock"}
{"timestamp": "2026-01-16T19:13:04.382778", "level": "INFO", "logger": "elli", "message": "Snowflake credentials not found, using mock vector store", "taskName": null, "service": "vector_store", "mode": "mock"}
{"timestamp": "2026-01-16T19:13:04.383159", "level": "INFO", "logger": "elli", "message": "Elli is running!", "taskName": null}
{"timestamp": "2026-01-16T19:13:16.489140", "level": "INFO", "logger": "elli", "message": "New deal creation started for Acme Corp", "taskName": null, "service": "messages", "user_id": "U09FL7NTXCG", "company": "Acme Corp"}
{"timestamp": "2026-01-16T19:13:47.915490", "level": "INFO", "logger": "elli", "message": "Creating opportunity: Acme Corp - New Deal [test]", "taskName": null, "service": "salesforce", "user_id": "U09FL7NTXCG", "opp_data": {"Name": "Acme Corp - New Deal [test]", "Amount": 100000, "StageName": "Discovery", "CloseDate": "2026-01-31"}}
{"timestamp": "2026-01-16T19:13:47.915776", "level": "INFO", "logger": "elli", "message": "Salesforce credentials not found, using mock mode", "taskName": null, "service": "salesforce", "mode": "mock"}
{"timestamp": "2026-01-16T19:13:47.916043", "level": "INFO", "logger": "elli", "message": "Mock: Created opportunity 'Acme Corp - New Deal [test]' with ID 006xx3CED73392D6C", "taskName": null, "service": "salesforce", "mode": "mock", "opp_id": "006xx3CED73392D6C", "opp_name": "Acme Corp - New Deal [test]", "amount": 100000, "stage": "Discovery", "close_date": "2026-01-31"}
{"timestamp": "2026-01-16T20:00:58.479857", "level": "INFO", "logger": "elli", "message": "Snowflake credentials not found, using mock mode", "taskName": null, "service": "ai", "mode": "mock"}
{"timestamp": "2026-01-16T20:00:58.515611", "level": "INFO", "logger": "elli", "message": "Snowflake credentials not found, using mock mode", "taskName": null, "service": "ai", "mode": "mock"}
{"timestamp": "2026-01-16T20:00:58.517816", "level": "INFO", "logger": "elli", "message": "Snowflake credentials not found, using mock mode", "taskName": null, "service": "ai", "mode": "mock"}
{"timestamp": "2026-01-16T20:00:58.519622", "level": "INFO", "logger": "elli", "message": "Snowflake credentials not found, using mock mode", "taskName": null, "service": "ai", "mode": "mock"}
{"timestamp": "2026-01-16T20:00:58.521889", "level": "INFO", "logger": "elli", "message": "Snowflake credentials not found, using mock mode", "taskName": null, "service": "ai", "mode": "mock"}
{"timestamp": "2026-01-16T20:01:19.113025", "level": "INFO", "logger": "elli", "message": "Connected to Snowflake Cortex", "taskName": null, "service": "ai", "mode": "real"}
{"timestamp": "2026-01-16T20:01:19.114156", "level": "INFO", "logger": "elli", "message": "API call succeeded: snowflake.cortex.complete (0ms)", "taskName": null, "service": "snowflake", "method": "cortex.complete", "duration_ms": 0.3, "success": true, "error": null, "model": "llama3-70b", "query": "Test query", "has_history": false}
{"timestamp": "2026-01-16T20:01:19.114589", "level": "INFO", "logger": "elli", "message": "Snowflake connection closed", "taskName": null, "service": "ai"}
{"timestamp": "2026-01-16T20:01:19.176227", "level": "INFO", "logger": "elli", "message": "Snowflake credentials not found, using mock mode", "taskName": null, "service": "ai", "mode": "mock"}
{"timestamp": "2026-01-16T20:01:19.178782", "level": "INFO", "logger": "elli", "message": "Snowflake credentials not found, using mock mode", "taskName": null, "service": "ai", "mode": "mock"}
{"timestamp": "2026-01-16T20:01:19.180692", "level": "INFO", "logger": "elli", "message": "Snowflake credentials not found, using mock mode", "taskName": null, "service": "ai", "mode": "mock"}
{"timestamp": "2026-01-16T20:01:19.182366", "level": "INFO", "logger": "elli", "message": "Snowflake credentials not found, using mock mode", "taskName": null, "service": "ai", "mode": "mock"}
{"timestamp": "2026-01-16T20:10:19.601720", "level": "INFO", "logger": "elli", "message": "Snowflake credentials not found, using mock mode", "taskName": null, "service": "ai", "mode": "mock"}
{"timestamp": "2026-01-16T20:10:19.604500", "level": "INFO", "logger": "elli", "message": "Snowflake credentials not found, using mock mode", "taskName": null, "service": "ai", "mode": "mock"}
{"timestamp": "2026-01-16T20:10:19.606021", "level": "INFO", "logger": "elli", "message": "Snowflake credentials not found, using mock mode", "taskName": null, "service": "ai", "mode": "mock"}
{"timestamp": "2026-01-16T20:10:19.607421", "level": "INFO", "logger": "elli", "message": "Snowflake credentials not found, using mock mode", "taskName": null, "service": "ai", "mode": "mock"}
{"timestamp": "2026-01-16T20:10:19.608820", "level": "INFO", "logger": "elli", "message": "Snowflake credentials not found, using mock mode", "taskName": null, "service": "ai", "mode": "mock"}
{"timestamp": "2026-01-16T20:10:20.737916", "level": "INFO", "logger": "elli", "message": "Connected to Snowflake Cortex", "taskName": null, "service": "ai", "mode": "real"}
{"timestamp": "2026-01-16T20:10:20.739648", "level": "INFO", "logger": "elli", "message": "API call succeeded: snowflake.cortex.complete (0ms)", "taskName": null, "service": "snowflake", "method": "cortex.complete", "duration_ms": 0.17, "success": true, "error": null, "model": "llama3-70b", "query": "Test query", "has_history": false}
{"timestamp": "2026-01-16T20:10:20.739932", "level": "INFO", "logger": "elli", "message": "Snowflake connection closed", "taskName": null, "service": "ai"}
{"timestamp": "2026-01-16T20:10:20.742379", "level": "INFO", "logger": "elli", "message": "Snowflake credentials not found, using mock mode", "taskName": null, "service": "ai", "mode": "mock"}
{"timestamp": "2026-01-16T20:10:20.743934", "level": "INFO", "logger": "elli", "message": "Snowflake credentials not found, using mock mode", "taskName": null, "service": "ai", "mode": "mock"}
{"timestamp": "2026-01-16T20:10:20.745754", "level": "INFO", "logger": "elli", "message": "Snowflake credentials not found, using mock mode", "taskName": null, "service": "ai", "mode": "mock"}
{"timestamp": "2026-01-16T20:10:20.747431", "level": "INFO", "logger": "elli", "message": "Snowflake credentials not found, using mock mode", "taskName": null, "service": "ai", "mode": "mock"}
{"timestamp": "2026-01-16T20:14:10.027900", "level": "INFO", "logger": "elli", "message": "Snowflake credentials not found, using mock mode", "taskName": null, "service": "ai", "mode": "mock"}
{"timestamp": "2026-01-16T20:14:10.028306", "level": "INFO", "logger": "elli", "message": "Snowflake credentials not found, using mock vector store", "taskName": null, "service": "vector_store", "mode": "mock"}
{"timestamp": "2026-01-16T20:14:10.028483", "level": "INFO", "logger": "elli", "message": "RAG service initialized (top_k=3)", "taskName": null, "top_k": 3}
{"timestamp": "2026-01-16T20:14:10.028827", "level": "INFO", "logger": "elli", "message": "Semantic memory initialized (interval=10)", "taskName": null, "service": "semantic_memory"}
{"timestamp": "2026-01-16T20:14:10.255525", "level": "INFO", "logger": "elli", "message": "Salesforce credentials not found, using mock mode", "taskName": null, "service": "salesforce", "mode": "mock"}
{"timestamp": "2026-01-16T20:14:10.255805", "level": "INFO", "logger": "elli", "message": "Snowflake credentials not found, using mock vector store", "taskName": null, "service": "vector_store", "mode": "mock"}
{"timestamp": "2026-01-16T20:14:10.256092", "level": "INFO", "logger": "elli", "message": "Elli is running!", "taskName": null}
{"timestamp": "2026-01-26T19:01:42.915096", "level": "INFO", "logger": "elli", "message": "Snowflake credentials not found, using mock mode", "taskName": null, "service": "ai", "mode": "mock"}
{"timestamp": "2026-01-26T19:01:42.918639", "level": "INFO", "logger": "elli", "message": "Snowflake credentials not found, using mock mode", "taskName": null, "service": "ai", "mode": "mock"}
{"timestamp": "2026-01-26T19:01:42.920770", "level": "INFO", "logger": "elli", "message": "Snowflake credentials not found, using mock mode", "taskName": null, "service": "ai", "mode": "mock"}
{"timestamp": "2026-01-26T19:01:42.922158", "level": "INFO", "logger": "elli", "message": "Snowflake credentials not found, using mock mode", "taskName": null, "service": "ai", "mode": "mock"}
{"timestamp": "2026-01-26T19:01:42.923525", "level": "INFO", "logger": "elli", "message": "Snowflake credentials not found, using mock mode", "taskName": null, "service": "ai", "mode": "mock"}
{"timestamp": "2026-01-26T19:01:57.408142", "level": "INFO", "logger": "elli", "message": "Connected to Snowflake Cortex", "taskName": null, "service": "ai", "mode": "real"}
{"timestamp": "2026-01-26T19:01:57.409041", "level": "INFO", "logger": "elli", "message": "API call succeeded: snowflake.cortex.complete (0ms)", "taskName": null, "service": "snowflake", "method": "cortex.complete", "duration_ms": 0.27, "success": true, "error": null, "model": "llama3-70b", "query": "Test query", "has_history": false}
{"timestamp": "2026-01-26T19:01:57.409540", "level": "INFO", "logger": "elli", "message": "Snowflake connection closed", "taskName": null, "service": "ai"}
{"timestamp": "2026-01-26T19:01:57.429349", "level": "INFO", "logger": "elli", "message": "Snowflake credentials not found, using mock mode", "taskName": null, "service": "ai", "mode": "mock"}
{"timestamp": "2026-01-26T19:01:57.431313", "level": "INFO", "logger": "elli", "message": "Snowflake credentials not found, using mock mode", "taskName": null, "service": "ai", "mode": "mock"}
{"timestamp": "2026-01-26T19:01:57.432911", "level": "INFO", "logger": "elli", "message": "Snowflake credentials not found, using mock mode", "taskName": null, "service": "ai", "mode": "mock"}
{"timestamp": "2026-01-26T19:01:57.434585", "level": "INFO", "logger": "elli", "message": "Snowflake credentials not found, using mock mode", "taskName": null, "service": "ai", "mode": "mock"}
{"timestamp": "2026-01-26T19:19:09.990164", "level": "INFO", "logger": "elli", "message": "Snowflake credentials not found, using mock mode", "taskName": null, "service": "ai", "mode": "mock"}
{"timestamp": "2026-01-26T19:19:09.992967", "level": "INFO", "logger": "elli", "message": "Snowflake credentials not found, using mock mode", "taskName": null, "service": "ai", "mode": "mock"}
{"timestamp": "2026-01-26T19:19:09.994555", "level": "INFO", "logger": "elli", "message": "Snowflake credentials not found, using mock mode", "taskName": null, "service": "ai", "mode": "mock"}
{"timestamp": "2026-01-26T19:19:09.995934", "level": "INFO", "logger": "elli", "message": "Snowflake credentials not found, using mock mode", "taskName": null, "service": "ai", "mode": "mock"}
{"timestamp": "2026-01-26T19:19:09.997314", "level": "INFO", "logger": "elli", "message": "Snowflake credentials not found, using mock mode", "taskName": null, "service": "ai", "mode": "mock"}
{"timestamp": "2026-01-26T19:19:31.908259", "level": "INFO", "logger": "elli", "message": "Connected to Snowflake Cortex", "taskName": null, "service": "ai", "mode": "real"}
{"timestamp": "2026-01-26T19:19:31.908952", "level": "INFO", "logger": "elli", "message": "API call succeeded: snowflake.cortex.complete (0ms)", "taskName": null, "service": "snowflake", "method": "cortex.complete", "duration_ms": 0.21, "success": true, "error": null, "model": "llama3-70b", "query": "Test query", "has_history": false}
{"timestamp": "2026-01-26T19:19:31.909320", "level": "INFO", "logger": "elli", "message": "Snowflake connection closed", "taskName": null, "service": "ai"}
{"timestamp": "2026-01-26T19:19:31.943828", "level": "INFO", "logger": "elli", "message": "Snowflake credentials not found, using mock mode", "taskName": null, "service": "ai", "mode": "mock"}
{"timestamp": "2026-01-26T19:19:31.945549", "level": "INFO", "logger": "elli", "message": "Snowflake credentials not found, using mock mode", "taskName": null, "service": "ai", "mode": "mock"}
{"timestamp": "2026-01-26T19:19:31.947093", "level": "INFO", "logger": "elli", "message": "Snowflake credentials not found, using mock mode", "taskName": null, "service": "ai", "mode": "mock"}
{"timestamp": "2026-01-26T19:19:31.948709", "level": "INFO", "logger": "elli", "message": "Snowflake credentials not found, using mock mode", "taskName": null, "service": "ai", "mode": "mock"}
{"timestamp": "2026-01-26T20:55:56.180101", "level": "INFO", "logger": "elli", "message": "Snowflake credentials not found, using mock mode", "taskName": null, "service": "ai", "mode": "mock"}
{"timestamp": "2026-01-26T20:55:56.211477", "level": "INFO", "logger": "elli", "message": "Snowflake credentials not found, using mock mode", "taskName": null, "service": "ai", "mode": "mock"}
{"timestamp": "2026-01-26T20:55:56.213579", "level": "INFO", "logger": "elli", "message": "Snowflake credentials not found, using mock mode", "taskName": null, "service": "ai", "mode": "mock"}
{"timestamp": "2026-01-26T20:55:56.215509", "level": "INFO", "logger": "elli", "message": "Snowflake credentials not found, using mock mode", "taskName": null, "service": "ai", "mode": "mock"}
{"timestamp": "2026-01-26T20:55:56.217041", "level": "INFO", "logger": "elli", "message": "Snowflake credentials not found, using mock mode", "taskName": null, "service": "ai", "mode": "mock"}
{"timestamp": "2026-01-26T20:56:17.912117", "level": "INFO", "logger": "elli", "message": "Connected to Snowflake Cortex", "taskName": null, "service": "ai", "mode": "real"}
{"timestamp": "2026-01-26T20:56:17.913212", "level": "INFO", "logger": "elli", "message": "API call succeeded: snowflake.cortex.complete (0ms)", "taskName": null, "service": "snowflake", "method": "cortex.complete", "duration_ms": 0.26, "success": true, "error": null, "model": "llama3-70b", "query": "Test query", "has_history": false}
{"timestamp": "2026-01-26T20:56:17.913651", "level": "INFO", "logger": "elli", "message": "Snowflake connection closed", "taskName": null, "service": "ai"}
{"timestamp": "2026-01-26T20:56:17.973428", "level": "INFO", "logger": "elli", "message": "Snowflake credentials not found, using mock mode", "taskName": null, "service": "ai", "mode": "mock"}
{"timestamp": "2026-01-26T20:56:17.974913", "level": "INFO", "logger": "elli", "message": "Snowflake credentials not found, using mock mode", "taskName": null, "service": "ai", "mode": "mock"}
{"timestamp": "2026-01-26T20:56:17.976361", "level": "INFO", "logger": "elli", "message": "Snowflake credentials not found, using mock mode", "taskName": null, "service": "ai", "mode": "mock"}
{"timestamp": "2026-01-26T20:56:17.979274", "level": "INFO", "logger": "elli", "message": "Snowflake credentials not found, using mock mode", "taskName": null, "service": "ai", "mode": "mock"}
{"timestamp": "2026-01-28T02:05:55.421635", "level": "INFO", "logger": "elli", "message": "Cortex Analyst disabled", "taskName": null, "service": "cortex_analyst", "mode": "disabled"}
{"timestamp": "2026-01-28T02:06:03.375978", "level": "INFO", "logger": "elli", "message": "Cortex Analyst initialized for agent DEAL_AGENT", "taskName": null, "service": "cortex_analyst", "mode": "real", "auth": "pat", "agent": "DEAL_AGENT", "database": "DEV_CURATE", "schema": "CORE"}
{"timestamp": "2026-01-28T02:06:03.376166", "level": "INFO", "logger": "elli", "message": "Cortex Analyst initialized for agent DEAL_AGENT", "taskName": null, "service": "cortex_analyst", "mode": "real", "auth": "pat", "agent": "DEAL_AGENT", "database": "DEV_CURATE", "schema": "CORE"}
{"timestamp": "2026-01-28T16:05:06.096580", "level": "INFO", "logger": "elli", "message": "Snowflake credentials not found, using mock mode", "taskName": null, "service": "ai", "mode": "mock"}
{"timestamp": "2026-01-28T16:05:06.097011", "level": "INFO", "logger": "elli", "message": "Snowflake credentials not found, using mock vector store", "taskName": null, "service": "vector_store", "mode": "mock"}
{"timestamp": "2026-01-28T16:05:06.097173", "level": "INFO", "logger": "elli", "message": "RAG service initialized (top_k=3)", "taskName": null, "top_k": 3}
{"timestamp": "2026-01-28T16:05:06.097287", "level": "INFO", "logger": "elli", "message": "Semantic memory initialized (interval=10)", "taskName": null, "service": "semantic_memory"}
{"timestamp": "2026-01-28T16:05:07.904972", "level": "INFO", "logger": "elli", "message": "Cortex Analyst disabled", "taskName": null, "service": "cortex_analyst", "mode": "disabled"}
{"timestamp": "2026-01-28T16:05:08.283294", "level": "INFO", "logger": "elli", "message": "Salesforce credentials not found, using mock mode", "taskName": null, "service": "salesforce", "mode": "mock"}
{"timestamp": "2026-01-28T16:05:08.283516", "level": "INFO", "logger": "elli", "message": "Snowflake credentials not found, using mock vector store", "taskName": null, "service": "vector_store", "mode": "mock"}
{"timestamp": "2026-01-28T16:05:08.283707", "level": "INFO", "logger": "elli", "message": "Elli is running!", "taskName": null}
{"timestamp": "2026-01-28T16:08:35.550275", "level": "INFO", "logger": "elli", "message": "Deal Agent query from user U09FL7NTXCG: what deals have ebitda between $20-$100MM?", "taskName": null, "service": "commands", "user_id": "U09FL7NTXCG", "command": "ask-deal-agent"}
{"timestamp": "2026-01-28T16:08:35.656235", "level": "INFO", "logger": "elli", "message": "Query failed: what deals have ebitda between $20-$100MM?...", "taskName": null, "user_id": "U09FL7NTXCG", "query_type": "cortex_analyst", "duration_ms": 104.96091842651367, "success": false}
{"timestamp": "2026-01-28T17:00:08.951398", "level": "INFO", "logger": "elli", "message": "Snowflake credentials not found, using mock mode", "taskName": null, "service": "ai", "mode": "mock"}
{"timestamp": "2026-01-28T17:00:08.951635", "level": "INFO", "logger": "elli", "message": "Snowflake credentials not found, using mock vector store", "taskName": null, "service": "vector_store", "mode": "mock"}
{"timestamp": "2026-01-28T17:00:08.951770", "level": "INFO", "logger": "elli", "message": "RAG service initialized (top_k=3)", "taskName": null, "top_k": 3}
{"timestamp": "2026-01-28T17:00:08.951899", "level": "INFO", "logger": "elli", "message": "Semantic memory initialized (interval=10)", "taskName": null, "service": "semantic_memory"}
{"timestamp": "2026-01-28T17:00:09.062223", "level": "INFO", "logger": "elli", "message": "Cortex Analyst disabled", "taskName": null, "service": "cortex_analyst", "mode": "disabled"}
{"timestamp": "2026-01-28T17:00:09.313700", "level": "INFO", "logger": "elli", "message": "Salesforce credentials not found, using mock mode", "taskName": null, "service": "salesforce", "mode": "mock"}
{"timestamp": "2026-01-28T17:00:09.313923", "level": "INFO", "logger": "elli", "message": "Snowflake credentials not found, using mock vector store", "taskName": null, "service": "vector_store", "mode": "mock"}
{"timestamp": "2026-01-28T17:00:09.314239", "level": "INFO", "logger": "elli", "message": "Elli is running!", "taskName": null}
{"timestamp": "2026-01-28T17:01:19.389174", "level": "INFO", "logger": "elli", "message": "Snowflake credentials not found, using mock mode", "taskName": null, "service": "ai", "mode": "mock"}
{"timestamp": "2026-01-28T17:01:19.389661", "level": "INFO", "logger": "elli", "message": "Snowflake credentials not found, using mock vector store", "taskName": null, "service": "vector_store", "mode": "mock"}
{"timestamp": "2026-01-28T17:01:19.389933", "level": "INFO", "logger": "elli", "message": "RAG service initialized (top_k=3)", "taskName": null, "top_k": 3}
{"timestamp": "2026-01-28T17:01:19.390185", "level": "INFO", "logger": "elli", "message": "Semantic memory initialized (interval=10)", "taskName": null, "service": "semantic_memory"}
{"timestamp": "2026-01-28T17:01:19.470041", "level": "INFO", "logger": "elli", "message": "Cortex Analyst initialized for agent DEAL_AGENT", "taskName": null, "service": "cortex_analyst", "mode": "real", "auth": "pat", "agent": "DEAL_AGENT", "database": "DEV_CURATE", "schema": "CORE"}
{"timestamp": "2026-01-28T17:01:19.735961", "level": "INFO", "logger": "elli", "message": "Salesforce credentials not found, using mock mode", "taskName": null, "service": "salesforce", "mode": "mock"}
{"timestamp": "2026-01-28T17:01:19.736407", "level": "INFO", "logger": "elli", "message": "Snowflake credentials not found, using mock vector store", "taskName": null, "service": "vector_store", "mode": "mock"}
{"timestamp": "2026-01-28T17:01:19.736893", "level": "INFO", "logger": "elli", "message": "Elli is running!", "taskName": null}
{"timestamp": "2026-01-28T17:01:52.426082", "level": "INFO", "logger": "elli", "message": "Deal Agent query from user U09FL7NTXCG: what deals have ebitda between $20-$100MM?", "taskName": null, "service": "commands", "user_id": "U09FL7NTXCG", "command": "ask-deal-agent"}
{"timestamp": "2026-01-28T17:01:53.033438", "level": "ERROR", "logger": "elli", "message": "API error: 401 - {\n  \"code\" : \"390432\",\n  \"message\" : \"Fail : Network policy is required.\"\n}", "taskName": null, "service": "cortex_analyst", "status_code": 401}
{"timestamp": "2026-01-28T17:01:53.034615", "level": "INFO", "logger": "elli", "message": "Query failed: what deals have ebitda between $20-$100MM?...", "taskName": null, "user_id": "U09FL7NTXCG", "query_type": "cortex_analyst", "duration_ms": 608.1247329711914, "success": false}
{"timestamp": "2026-01-28T19:39:30.777614", "level": "INFO", "logger": "elli", "message": "Snowflake credentials not found, using mock mode", "taskName": null, "service": "ai", "mode": "mock"}
{"timestamp": "2026-01-28T19:39:30.777886", "level": "INFO", "logger": "elli", "message": "Snowflake credentials not found, using mock vector store", "taskName": null, "service": "vector_store", "mode": "mock"}
{"timestamp": "2026-01-28T19:39:30.778044", "level": "INFO", "logger": "elli", "message": "RAG service initialized (top_k=3)", "taskName": null, "top_k": 3}
{"timestamp": "2026-01-28T19:39:30.778159", "level": "INFO", "logger": "elli", "message": "Semantic memory initialized (interval=10)", "taskName": null, "service": "semantic_memory"}
{"timestamp": "2026-01-28T19:39:34.520522", "level": "INFO", "logger": "elli", "message": "Cortex Analyst initialized for agent DEAL_AGENT", "taskName": null, "service": "cortex_analyst", "mode": "real", "auth": "pat", "agent": "DEAL_AGENT", "database": "DEV_CURATE", "schema": "CORE"}
{"timestamp": "2026-01-28T19:39:34.807886", "level": "INFO", "logger": "elli", "message": "Salesforce credentials not found, using mock mode", "taskName": null, "service": "salesforce", "mode": "mock"}
{"timestamp": "2026-01-28T19:39:34.808074", "level": "INFO", "logger": "elli", "message": "Snowflake credentials not found, using mock vector store", "taskName": null, "service": "vector_store", "mode": "mock"}
{"timestamp": "2026-01-28T19:39:34.808259", "level": "INFO", "logger": "elli", "message": "Elli is running!", "taskName": null}
{"timestamp": "2026-01-28T19:44:51.440052", "level": "INFO", "logger": "elli", "message": "Deal Agent query from user U09FL7NTXCG: what deals have ebitda between $20-$100MM?", "taskName": null, "service": "commands", "user_id": "U09FL7NTXCG", "command": "ask-deal-agent"}
{"timestamp": "2026-01-28T19:44:52.288797", "level": "ERROR", "logger": "elli", "message": "API error: 404 - {\n  \"message\" : \"SQL compilation error:\\nSemantic View 'DEV_CURATE.CORE.DEAL_AGENT' does not exist or not authorized.\",\n  \"code\" : null,\n  \"error_code\" : \"390404\",\n  \"request_id\" : \"afcbc393-34ad-49e9-8100-1c8d2a47adad\"\n}", "taskName": null, "service": "cortex_analyst", "status_code": 404}
{"timestamp": "2026-01-28T19:44:52.290045", "level": "INFO", "logger": "elli", "message": "Query failed: what deals have ebitda between $20-$100MM?...", "taskName": null, "user_id": "U09FL7NTXCG", "query_type": "cortex_analyst", "duration_ms": 849.4806289672852, "success": false}
{"timestamp": "2026-01-28T20:58:38.264197", "level": "INFO", "logger": "elli", "message": "Snowflake credentials not found, using mock mode", "taskName": null, "service": "ai", "mode": "mock"}
{"timestamp": "2026-01-28T20:58:38.264836", "level": "INFO", "logger": "elli", "message": "Snowflake credentials not found, using mock vector store", "taskName": null, "service": "vector_store", "mode": "mock"}
{"timestamp": "2026-01-28T20:58:38.265113", "level": "INFO", "logger": "elli", "message": "RAG service initialized (top_k=3)", "taskName": null, "top_k": 3}
{"timestamp": "2026-01-28T20:58:38.265368", "level": "INFO", "logger": "elli", "message": "Semantic memory initialized (interval=10)", "taskName": null, "service": "semantic_memory"}
{"timestamp": "2026-01-28T20:58:41.467882", "level": "INFO", "logger": "elli", "message": "Cortex Analyst initialized for agent DEAL_AGENT", "taskName": null, "service": "cortex_analyst", "mode": "real", "auth": "pat", "agent": "DEAL_AGENT", "database": "DEV_CURATE", "schema": "CORE"}
{"timestamp": "2026-01-28T20:58:41.764051", "level": "INFO", "logger": "elli", "message": "Salesforce credentials not found, using mock mode", "taskName": null, "service": "salesforce", "mode": "mock"}
{"timestamp": "2026-01-28T20:58:41.764243", "level": "INFO", "logger": "elli", "message": "Snowflake credentials not found, using mock vector store", "taskName": null, "service": "vector_store", "mode": "mock"}
{"timestamp": "2026-01-28T20:58:41.764488", "level": "INFO", "logger": "elli", "message": "Elli is running!", "taskName": null}
{"timestamp": "2026-01-28T20:59:07.914233", "level": "INFO", "logger": "elli", "message": "Deal Agent query from user U09FL7NTXCG: what deals have ebitda between $20-$100MM?", "taskName": null, "service": "commands", "user_id": "U09FL7NTXCG", "command": "ask-deal-agent"}
{"timestamp": "2026-01-28T20:59:26.057682", "level": "INFO", "logger": "elli", "message": "API call succeeded: cortex_analyst.query (1063ms)", "taskName": null, "service": "cortex_analyst", "method": "query", "duration_ms": 1062.93, "success": true, "error": null, "request_id": "unknown", "has_sql": false, "model": null, "agent": "DEAL_AGENT"}
{"timestamp": "2026-01-28T20:59:26.059953", "level": "INFO", "logger": "elli", "message": "Query succeeded: what deals have ebitda between $20-$100MM?...", "taskName": null, "user_id": "U09FL7NTXCG", "query_type": "cortex_analyst", "duration_ms": 18145.167589187622, "success": true}
{"timestamp": "2026-01-28T21:02:15.149914", "level": "INFO", "logger": "elli", "message": "Snowflake credentials not found, using mock mode", "taskName": null, "service": "ai", "mode": "mock"}
{"timestamp": "2026-01-28T21:02:15.150329", "level": "INFO", "logger": "elli", "message": "Snowflake credentials not found, using mock vector store", "taskName": null, "service": "vector_store", "mode": "mock"}
{"timestamp": "2026-01-28T21:02:15.150444", "level": "INFO", "logger": "elli", "message": "RAG service initialized (top_k=3)", "taskName": null, "top_k": 3}
{"timestamp": "2026-01-28T21:02:15.150529", "level": "INFO", "logger": "elli", "message": "Semantic memory initialized (interval=10)", "taskName": null, "service": "semantic_memory"}
{"timestamp": "2026-01-28T21:02:15.272064", "level": "INFO", "logger": "elli", "message": "Cortex Analyst initialized for agent DEAL_AGENT", "taskName": null, "service": "cortex_analyst", "mode": "real", "auth": "pat", "agent": "DEAL_AGENT", "database": "DEV_CURATE", "schema": "CORE"}
{"timestamp": "2026-01-28T21:02:15.493946", "level": "INFO", "logger": "elli", "message": "Salesforce credentials not found, using mock mode", "taskName": null, "service": "salesforce", "mode": "mock"}
{"timestamp": "2026-01-28T21:02:15.494227", "level": "INFO", "logger": "elli", "message": "Snowflake credentials not found, using mock vector store", "taskName": null, "service": "vector_store", "mode": "mock"}
{"timestamp": "2026-01-28T21:02:15.494733", "level": "INFO", "logger": "elli", "message": "Elli is running!", "taskName": null}
{"timestamp": "2026-01-28T21:02:32.527712", "level": "INFO", "logger": "elli", "message": "Deal Agent query from user U09FL7NTXCG: what deals have ebitda between $20-$100MM?", "taskName": null, "service": "commands", "user_id": "U09FL7NTXCG", "command": "ask-deal-agent"}
{"timestamp": "2026-01-28T21:02:33.844472", "level": "ERROR", "logger": "elli", "message": "Error: AttributeError: 'str' object has no attribute 'get'", "taskName": null, "error_type": "AttributeError", "error_message": "'str' object has no attribute 'get'", "stack_trace": "Traceback (most recent call last):\n  File \"C:\\Users\\BoddifordJohn\\Downloads\\Experiment\\Elli\\services\\cortex_analyst_service.py\", line 579, in _parse_sse_response\n    content_list = message.get(\"content\", [])\n                   ^^^^^^^^^^^\nAttributeError: 'str' object has no attribute 'get'\n", "service": "cortex_analyst", "method": "_parse_sse_response"}
{"timestamp": "2026-01-28T21:02:33.845454", "level": "INFO", "logger": "elli", "message": "Query failed: what deals have ebitda between $20-$100MM?...", "taskName": null, "user_id": "U09FL7NTXCG", "query_type": "cortex_analyst", "duration_ms": 1317.230463027954, "success": false}
{"timestamp": "2026-01-28T21:07:56.146068", "level": "INFO", "logger": "elli", "message": "Snowflake credentials not found, using mock mode", "taskName": null, "service": "ai", "mode": "mock"}
{"timestamp": "2026-01-28T21:07:56.146479", "level": "INFO", "logger": "elli", "message": "Snowflake credentials not found, using mock vector store", "taskName": null, "service": "vector_store", "mode": "mock"}
{"timestamp": "2026-01-28T21:07:56.146684", "level": "INFO", "logger": "elli", "message": "RAG service initialized (top_k=3)", "taskName": null, "top_k": 3}
{"timestamp": "2026-01-28T21:07:56.146868", "level": "INFO", "logger": "elli", "message": "Semantic memory initialized (interval=10)", "taskName": null, "service": "semantic_memory"}
{"timestamp": "2026-01-28T21:07:56.270941", "level": "INFO", "logger": "elli", "message": "Cortex Analyst initialized for agent DEAL_AGENT", "taskName": null, "service": "cortex_analyst", "mode": "real", "auth": "pat", "agent": "DEAL_AGENT", "database": "DEV_CURATE", "schema": "CORE"}
{"timestamp": "2026-01-28T21:07:56.493075", "level": "INFO", "logger": "elli", "message": "Salesforce credentials not found, using mock mode", "taskName": null, "service": "salesforce", "mode": "mock"}
{"timestamp": "2026-01-28T21:07:56.493385", "level": "INFO", "logger": "elli", "message": "Snowflake credentials not found, using mock vector store", "taskName": null, "service": "vector_store", "mode": "mock"}
{"timestamp": "2026-01-28T21:07:56.493746", "level": "INFO", "logger": "elli", "message": "Elli is running!", "taskName": null}
{"timestamp": "2026-01-28T21:08:17.822186", "level": "INFO", "logger": "elli", "message": "Deal Agent query from user U09FL7NTXCG: what deals have ebitda between $20-$100MM?", "taskName": null, "service": "commands", "user_id": "U09FL7NTXCG", "command": "ask-deal-agent"}
{"timestamp": "2026-01-28T21:08:36.847816", "level": "INFO", "logger": "elli", "message": "SSE parsing complete: 199 events, 197 text parts", "taskName": null, "service": "cortex_analyst", "request_id": "unknown"}
{"timestamp": "2026-01-28T21:08:36.848244", "level": "INFO", "logger": "elli", "message": "API call succeeded: cortex_analyst.query (1004ms)", "taskName": null, "service": "cortex_analyst", "method": "query", "duration_ms": 1003.8, "success": true, "error": null, "request_id": "unknown", "has_sql": false, "model": null, "agent": "DEAL_AGENT"}
{"timestamp": "2026-01-28T21:08:36.849652", "level": "INFO", "logger": "elli", "message": "Query succeeded: what deals have ebitda between $20-$100MM?...", "taskName": null, "user_id": "U09FL7NTXCG", "query_type": "cortex_analyst", "duration_ms": 19026.97777748108, "success": true}
{"timestamp": "2026-01-28T21:10:50.368023", "level": "INFO", "logger": "elli", "message": "Snowflake credentials not found, using mock mode", "taskName": null, "service": "ai", "mode": "mock"}
{"timestamp": "2026-01-28T21:10:50.368444", "level": "INFO", "logger": "elli", "message": "Snowflake credentials not found, using mock vector store", "taskName": null, "service": "vector_store", "mode": "mock"}
{"timestamp": "2026-01-28T21:10:50.368797", "level": "INFO", "logger": "elli", "message": "RAG service initialized (top_k=3)", "taskName": null, "top_k": 3}
{"timestamp": "2026-01-28T21:10:50.369004", "level": "INFO", "logger": "elli", "message": "Semantic memory initialized (interval=10)", "taskName": null, "service": "semantic_memory"}
{"timestamp": "2026-01-28T21:10:50.485856", "level": "INFO", "logger": "elli", "message": "Cortex Analyst initialized for agent DEAL_AGENT", "taskName": null, "service": "cortex_analyst", "mode": "real", "auth": "pat", "agent": "DEAL_AGENT", "database": "DEV_CURATE", "schema": "CORE"}
{"timestamp": "2026-01-28T21:10:50.733157", "level": "INFO", "logger": "elli", "message": "Salesforce credentials not found, using mock mode", "taskName": null, "service": "salesforce", "mode": "mock"}
{"timestamp": "2026-01-28T21:10:50.733464", "level": "INFO", "logger": "elli", "message": "Snowflake credentials not found, using mock vector store", "taskName": null, "service": "vector_store", "mode": "mock"}
{"timestamp": "2026-01-28T21:10:50.733880", "level": "INFO", "logger": "elli", "message": "Elli is running!", "taskName": null}
{"timestamp": "2026-01-28T21:11:06.306375", "level": "INFO", "logger": "elli", "message": "Deal Agent query from user U09FL7NTXCG: what deals have ebitda between $20-$100MM?", "taskName": null, "service": "commands", "user_id": "U09FL7NTXCG", "command": "ask-deal-agent"}
{"timestamp": "2026-01-28T21:11:22.827008", "level": "INFO", "logger": "elli", "message": "SSE parsing complete: 151 events, 149 text parts", "taskName": null, "service": "cortex_analyst", "request_id": "unknown"}
{"timestamp": "2026-01-28T21:11:22.827924", "level": "INFO", "logger": "elli", "message": "API call succeeded: cortex_analyst.query (857ms)", "taskName": null, "service": "cortex_analyst", "method": "query", "duration_ms": 857.14, "success": true, "error": null, "request_id": "unknown", "has_sql": false, "model": null, "agent": "DEAL_AGENT"}
{"timestamp": "2026-01-28T21:11:22.830027", "level": "INFO", "logger": "elli", "message": "Query succeeded: what deals have ebitda between $20-$100MM?...", "taskName": null, "user_id": "U09FL7NTXCG", "query_type": "cortex_analyst", "duration_ms": 16522.682428359985, "success": true}
{"timestamp": "2026-01-28T21:16:48.075885", "level": "INFO", "logger": "elli", "message": "Snowflake credentials not found, using mock mode", "taskName": null, "service": "ai", "mode": "mock"}
{"timestamp": "2026-01-28T21:16:48.076286", "level": "INFO", "logger": "elli", "message": "Snowflake credentials not found, using mock vector store", "taskName": null, "service": "vector_store", "mode": "mock"}
{"timestamp": "2026-01-28T21:16:48.076534", "level": "INFO", "logger": "elli", "message": "RAG service initialized (top_k=3)", "taskName": null, "top_k": 3}
{"timestamp": "2026-01-28T21:16:48.076979", "level": "INFO", "logger": "elli", "message": "Semantic memory initialized (interval=10)", "taskName": null, "service": "semantic_memory"}
{"timestamp": "2026-01-28T21:16:48.198809", "level": "INFO", "logger": "elli", "message": "Cortex Analyst initialized for agent DEAL_AGENT", "taskName": null, "service": "cortex_analyst", "mode": "real", "auth": "pat", "agent": "DEAL_AGENT", "database": "DEV_CURATE", "schema": "CORE"}
{"timestamp": "2026-01-28T21:16:48.448580", "level": "INFO", "logger": "elli", "message": "Salesforce credentials not found, using mock mode", "taskName": null, "service": "salesforce", "mode": "mock"}
{"timestamp": "2026-01-28T21:16:48.448880", "level": "INFO", "logger": "elli", "message": "Snowflake credentials not found, using mock vector store", "taskName": null, "service": "vector_store", "mode": "mock"}
{"timestamp": "2026-01-28T21:16:48.449409", "level": "INFO", "logger": "elli", "message": "Elli is running!", "taskName": null}
{"timestamp": "2026-01-28T21:17:05.618399", "level": "INFO", "logger": "elli", "message": "Deal Agent query from user U09FL7NTXCG: what deals have ebitda between $20-$100MM?", "taskName": null, "service": "commands", "user_id": "U09FL7NTXCG", "command": "ask-deal-agent"}
{"timestamp": "2026-01-28T21:19:12.581988", "level": "INFO", "logger": "elli", "message": "SSE parsing complete: 612 events", "taskName": null, "service": "cortex_analyst", "request_id": "unknown"}
{"timestamp": "2026-01-28T21:19:12.582281", "level": "INFO", "logger": "elli", "message": "API call succeeded: cortex_analyst.query (1061ms)", "taskName": null, "service": "cortex_analyst", "method": "query", "duration_ms": 1061.29, "success": true, "error": null, "request_id": "unknown", "has_sql": false, "model": null, "agent": "DEAL_AGENT"}
{"timestamp": "2026-01-28T21:19:12.583747", "level": "INFO", "logger": "elli", "message": "Query succeeded: what deals have ebitda between $20-$100MM?...", "taskName": null, "user_id": "U09FL7NTXCG", "query_type": "cortex_analyst", "duration_ms": 126964.70046043396, "success": true}
{"timestamp": "2026-01-28T21:23:30.846917", "level": "INFO", "logger": "elli", "message": "Snowflake credentials not found, using mock mode", "taskName": null, "service": "ai", "mode": "mock"}
{"timestamp": "2026-01-28T21:23:30.847195", "level": "INFO", "logger": "elli", "message": "Snowflake credentials not found, using mock vector store", "taskName": null, "service": "vector_store", "mode": "mock"}
{"timestamp": "2026-01-28T21:23:30.847351", "level": "INFO", "logger": "elli", "message": "RAG service initialized (top_k=3)", "taskName": null, "top_k": 3}
{"timestamp": "2026-01-28T21:23:30.847462", "level": "INFO", "logger": "elli", "message": "Semantic memory initialized (interval=10)", "taskName": null, "service": "semantic_memory"}
{"timestamp": "2026-01-28T21:23:34.163361", "level": "INFO", "logger": "elli", "message": "Cortex Analyst initialized for agent DEAL_AGENT", "taskName": null, "service": "cortex_analyst", "mode": "real", "auth": "pat", "agent": "DEAL_AGENT", "database": "DEV_CURATE", "schema": "CORE"}
{"timestamp": "2026-01-28T21:23:34.428780", "level": "INFO", "logger": "elli", "message": "Salesforce credentials not found, using mock mode", "taskName": null, "service": "salesforce", "mode": "mock"}
{"timestamp": "2026-01-28T21:23:34.428972", "level": "INFO", "logger": "elli", "message": "Snowflake credentials not found, using mock vector store", "taskName": null, "service": "vector_store", "mode": "mock"}
{"timestamp": "2026-01-28T21:23:34.429272", "level": "INFO", "logger": "elli", "message": "Elli is running!", "taskName": null}
{"timestamp": "2026-01-28T21:23:43.144469", "level": "INFO", "logger": "elli", "message": "Deal Agent query from user U09FL7NTXCG: what deals have ebitda between $20-$100MM?", "taskName": null, "service": "commands", "user_id": "U09FL7NTXCG", "command": "ask-deal-agent"}
{"timestamp": "2026-01-28T21:24:04.847011", "level": "INFO", "logger": "elli", "message": "SSE parsing complete: 196 events", "taskName": null, "service": "cortex_analyst", "request_id": "unknown"}
{"timestamp": "2026-01-28T21:24:04.847525", "level": "INFO", "logger": "elli", "message": "API call succeeded: cortex_analyst.query (1827ms)", "taskName": null, "service": "cortex_analyst", "method": "query", "duration_ms": 1826.81, "success": true, "error": null, "request_id": "unknown", "has_sql": false, "model": null, "agent": "DEAL_AGENT"}
{"timestamp": "2026-01-28T21:24:04.848775", "level": "INFO", "logger": "elli", "message": "Query succeeded: what deals have ebitda between $20-$100MM?...", "taskName": null, "user_id": "U09FL7NTXCG", "query_type": "cortex_analyst", "duration_ms": 21703.852891921997, "success": true}
{"timestamp": "2026-01-28T22:03:35.649072", "level": "INFO", "logger": "elli", "message": "Snowflake credentials not found, using mock mode", "taskName": null, "service": "ai", "mode": "mock"}
{"timestamp": "2026-01-28T22:03:35.650091", "level": "INFO", "logger": "elli", "message": "Snowflake credentials not found, using mock vector store", "taskName": null, "service": "vector_store", "mode": "mock"}
{"timestamp": "2026-01-28T22:03:35.651008", "level": "INFO", "logger": "elli", "message": "RAG service initialized (top_k=3)", "taskName": null, "top_k": 3}
{"timestamp": "2026-01-28T22:03:35.651545", "level": "INFO", "logger": "elli", "message": "Semantic memory initialized (interval=10)", "taskName": null, "service": "semantic_memory"}
{"timestamp": "2026-01-28T22:03:40.093090", "level": "INFO", "logger": "elli", "message": "Cortex Analyst initialized for agent DEAL_AGENT", "taskName": null, "service": "cortex_analyst", "mode": "real", "auth": "pat", "agent": "DEAL_AGENT", "database": "DEV_CURATE", "schema": "CORE"}
{"timestamp": "2026-01-28T22:03:40.561273", "level": "INFO", "logger": "elli", "message": "Salesforce credentials not found, using mock mode", "taskName": null, "service": "salesforce", "mode": "mock"}
{"timestamp": "2026-01-28T22:03:40.563761", "level": "INFO", "logger": "elli", "message": "Snowflake credentials not found, using mock vector store", "taskName": null, "service": "vector_store", "mode": "mock"}
{"timestamp": "2026-01-28T22:03:40.564779", "level": "INFO", "logger": "elli", "message": "Elli is running!", "taskName": null}
{"timestamp": "2026-01-28T22:06:56.147222", "level": "INFO", "logger": "elli", "message": "Deal Agent query from user U09J2C2EE9K: give me the deals with companies with top 10 highest latest EBITDAs", "taskName": null, "service": "commands", "user_id": "U09J2C2EE9K", "command": "ask-deal-agent"}
{"timestamp": "2026-01-28T22:07:25.328547", "level": "INFO", "logger": "elli", "message": "SSE parsing complete: 235 events", "taskName": null, "service": "cortex_analyst", "request_id": "unknown"}
{"timestamp": "2026-01-28T22:07:25.329637", "level": "INFO", "logger": "elli", "message": "API call succeeded: cortex_analyst.query (1138ms)", "taskName": null, "service": "cortex_analyst", "method": "query", "duration_ms": 1138.38, "success": true, "error": null, "request_id": "unknown", "has_sql": false, "model": null, "agent": "DEAL_AGENT"}
{"timestamp": "2026-01-28T22:07:25.335283", "level": "INFO", "logger": "elli", "message": "Query succeeded: give me the deals with companies with top 10 highest latest EBITDAs...", "taskName": null, "user_id": "U09J2C2EE9K", "query_type": "cortex_analyst", "duration_ms": 29186.228275299072, "success": true}
{"timestamp": "2026-01-28T22:18:25.394202", "level": "INFO", "logger": "elli", "message": "Deal Agent query from user U09J2C2EE9K: how many deals were created in 2025", "taskName": null, "service": "commands", "user_id": "U09J2C2EE9K", "command": "ask-deal-agent"}
{"timestamp": "2026-01-28T22:18:41.266831", "level": "INFO", "logger": "elli", "message": "SSE parsing complete: 170 events", "taskName": null, "service": "cortex_analyst", "request_id": "unknown"}
{"timestamp": "2026-01-28T22:18:41.267290", "level": "INFO", "logger": "elli", "message": "API call succeeded: cortex_analyst.query (1293ms)", "taskName": null, "service": "cortex_analyst", "method": "query", "duration_ms": 1292.69, "success": true, "error": null, "request_id": "unknown", "has_sql": false, "model": null, "agent": "DEAL_AGENT"}
{"timestamp": "2026-01-28T22:18:41.269871", "level": "INFO", "logger": "elli", "message": "Query succeeded: how many deals were created in 2025...", "taskName": null, "user_id": "U09J2C2EE9K", "query_type": "cortex_analyst", "duration_ms": 15874.881267547607, "success": true}
{"timestamp": "2026-01-29T14:26:13.623900", "level": "INFO", "logger": "elli", "message": "Snowflake credentials not found, using mock mode", "taskName": null, "service": "ai", "mode": "mock"}
{"timestamp": "2026-01-29T14:26:13.624507", "level": "INFO", "logger": "elli", "message": "Snowflake credentials not found, using mock vector store", "taskName": null, "service": "vector_store", "mode": "mock"}
{"timestamp": "2026-01-29T14:26:13.624830", "level": "INFO", "logger": "elli", "message": "RAG service initialized (top_k=3)", "taskName": null, "top_k": 3}
{"timestamp": "2026-01-29T14:26:13.625216", "level": "INFO", "logger": "elli", "message": "Semantic memory initialized (interval=10)", "taskName": null, "service": "semantic_memory"}
{"timestamp": "2026-01-29T14:26:16.244785", "level": "INFO", "logger": "elli", "message": "Cortex Analyst initialized for agent DEAL_AGENT", "taskName": null, "service": "cortex_analyst", "mode": "real", "auth": "pat", "agent": "DEAL_AGENT", "database": "DEV_CURATE", "schema": "CORE"}
{"timestamp": "2026-01-29T14:26:16.579710", "level": "INFO", "logger": "elli", "message": "Salesforce credentials not found, using mock mode", "taskName": null, "service": "salesforce", "mode": "mock"}
{"timestamp": "2026-01-29T14:26:16.580016", "level": "INFO", "logger": "elli", "message": "Snowflake credentials not found, using mock vector store", "taskName": null, "service": "vector_store", "mode": "mock"}
{"timestamp": "2026-01-29T14:26:16.580459", "level": "INFO", "logger": "elli", "message": "Elli is running!", "taskName": null}
{"timestamp": "2026-01-29T14:27:05.571096", "level": "INFO", "logger": "elli", "message": "Deal Agent query from user U09FL7NTXCG: what deals have ebitda between $20-$100MM?", "taskName": null, "service": "commands", "user_id": "U09FL7NTXCG", "command": "ask-deal-agent"}
{"timestamp": "2026-01-29T14:27:44.020799", "level": "INFO", "logger": "elli", "message": "SSE parsing complete: 216 events", "taskName": null, "service": "cortex_analyst", "request_id": "unknown"}
{"timestamp": "2026-01-29T14:27:44.021453", "level": "INFO", "logger": "elli", "message": "API call succeeded: cortex_analyst.query (823ms)", "taskName": null, "service": "cortex_analyst", "method": "query", "duration_ms": 823.27, "success": true, "error": null, "request_id": "unknown", "has_sql": false, "model": null, "agent": "DEAL_AGENT"}
{"timestamp": "2026-01-29T14:27:44.023403", "level": "INFO", "logger": "elli", "message": "Query succeeded: what deals have ebitda between $20-$100MM?...", "taskName": null, "user_id": "U09FL7NTXCG", "query_type": "cortex_analyst", "duration_ms": 38451.49517059326, "success": true}
{"timestamp": "2026-01-29T14:31:44.215029", "level": "INFO", "logger": "elli", "message": "Snowflake credentials not found, using mock mode", "taskName": null, "service": "ai", "mode": "mock"}
{"timestamp": "2026-01-29T14:31:44.215380", "level": "INFO", "logger": "elli", "message": "Snowflake credentials not found, using mock vector store", "taskName": null, "service": "vector_store", "mode": "mock"}
{"timestamp": "2026-01-29T14:31:44.215540", "level": "INFO", "logger": "elli", "message": "RAG service initialized (top_k=3)", "taskName": null, "top_k": 3}
{"timestamp": "2026-01-29T14:31:44.215660", "level": "INFO", "logger": "elli", "message": "Semantic memory initialized (interval=10)", "taskName": null, "service": "semantic_memory"}
{"timestamp": "2026-01-29T14:31:44.331215", "level": "INFO", "logger": "elli", "message": "Cortex Analyst initialized for agent DEAL_AGENT", "taskName": null, "service": "cortex_analyst", "mode": "real", "auth": "pat", "agent": "DEAL_AGENT", "database": "DEV_CURATE", "schema": "CORE"}
{"timestamp": "2026-01-29T14:31:44.592689", "level": "INFO", "logger": "elli", "message": "Salesforce credentials not found, using mock mode", "taskName": null, "service": "salesforce", "mode": "mock"}
{"timestamp": "2026-01-29T14:31:44.593060", "level": "INFO", "logger": "elli", "message": "Snowflake credentials not found, using mock vector store", "taskName": null, "service": "vector_store", "mode": "mock"}
{"timestamp": "2026-01-29T14:31:44.593535", "level": "INFO", "logger": "elli", "message": "Elli is running!", "taskName": null}
{"timestamp": "2026-01-29T14:32:03.138165", "level": "INFO", "logger": "elli", "message": "Deal Agent query from user U09FL7NTXCG: what deals have ebitda between $20-$100MM?", "taskName": null, "service": "commands", "user_id": "U09FL7NTXCG", "command": "ask-deal-agent"}
{"timestamp": "2026-01-29T14:32:30.526839", "level": "INFO", "logger": "elli", "message": "SSE parsing complete: 200 events", "taskName": null, "service": "cortex_analyst", "request_id": "unknown"}
{"timestamp": "2026-01-29T14:32:30.527363", "level": "WARNING", "logger": "elli", "message": "Could not find suitable final answer", "taskName": null, "service": "cortex_analyst"}
{"timestamp": "2026-01-29T14:32:30.527562", "level": "WARNING", "logger": "elli", "message": "No final answer extracted from 200 events", "taskName": null, "service": "cortex_analyst"}
{"timestamp": "2026-01-29T14:37:27.449667", "level": "INFO", "logger": "elli", "message": "Snowflake credentials not found, using mock mode", "taskName": null, "service": "ai", "mode": "mock"}
{"timestamp": "2026-01-29T14:37:27.449947", "level": "INFO", "logger": "elli", "message": "Snowflake credentials not found, using mock vector store", "taskName": null, "service": "vector_store", "mode": "mock"}
{"timestamp": "2026-01-29T14:37:27.450051", "level": "INFO", "logger": "elli", "message": "RAG service initialized (top_k=3)", "taskName": null, "top_k": 3}
{"timestamp": "2026-01-29T14:37:27.450161", "level": "INFO", "logger": "elli", "message": "Semantic memory initialized (interval=10)", "taskName": null, "service": "semantic_memory"}
{"timestamp": "2026-01-29T14:37:27.569968", "level": "INFO", "logger": "elli", "message": "Cortex Analyst initialized for agent DEAL_AGENT", "taskName": null, "service": "cortex_analyst", "mode": "real", "auth": "pat", "agent": "DEAL_AGENT", "database": "DEV_CURATE", "schema": "CORE"}
{"timestamp": "2026-01-29T14:37:27.834465", "level": "INFO", "logger": "elli", "message": "Salesforce credentials not found, using mock mode", "taskName": null, "service": "salesforce", "mode": "mock"}
{"timestamp": "2026-01-29T14:37:27.834627", "level": "INFO", "logger": "elli", "message": "Snowflake credentials not found, using mock vector store", "taskName": null, "service": "vector_store", "mode": "mock"}
{"timestamp": "2026-01-29T14:37:27.834922", "level": "INFO", "logger": "elli", "message": "Elli is running!", "taskName": null}
{"timestamp": "2026-01-29T14:37:37.625365", "level": "INFO", "logger": "elli", "message": "Deal Agent query from user U09FL7NTXCG: what deals have ebitda between $20-$100MM?", "taskName": null, "service": "commands", "user_id": "U09FL7NTXCG", "command": "ask-deal-agent"}
{"timestamp": "2026-01-29T14:38:47.181172", "level": "INFO", "logger": "elli", "message": "SSE parsing complete: 430 events", "taskName": null, "service": "cortex_analyst", "request_id": "unknown"}
{"timestamp": "2026-01-29T14:38:47.181932", "level": "INFO", "logger": "elli", "message": "Extracted 419 text messages from 430 events", "taskName": null, "service": "cortex_analyst"}
{"timestamp": "2026-01-29T14:38:47.182269", "level": "INFO", "logger": "elli", "message": "Found final answer starting with 'Based on' (407 chars)", "taskName": null, "service": "cortex_analyst"}
{"timestamp": "2026-01-29T14:38:47.182622", "level": "INFO", "logger": "elli", "message": "API call succeeded: cortex_analyst.query (786ms)", "taskName": null, "service": "cortex_analyst", "method": "query", "duration_ms": 785.76, "success": true, "error": null, "request_id": "unknown", "has_sql": false, "model": null, "agent": "DEAL_AGENT"}
{"timestamp": "2026-01-29T14:38:47.184687", "level": "INFO", "logger": "elli", "message": "Query succeeded: what deals have ebitda between $20-$100MM?...", "taskName": null, "user_id": "U09FL7NTXCG", "query_type": "cortex_analyst", "duration_ms": 69558.73274803162, "success": true}
{"timestamp": "2026-01-29T14:39:25.010913", "level": "INFO", "logger": "elli", "message": "Deal Agent query from user U09FL7NTXCG: how many deals were created in 2025", "taskName": null, "service": "commands", "user_id": "U09FL7NTXCG", "command": "ask-deal-agent"}
{"timestamp": "2026-01-29T14:39:39.919002", "level": "INFO", "logger": "elli", "message": "SSE parsing complete: 146 events", "taskName": null, "service": "cortex_analyst", "request_id": "unknown"}
{"timestamp": "2026-01-29T14:39:39.919415", "level": "INFO", "logger": "elli", "message": "Extracted 144 text messages from 146 events", "taskName": null, "service": "cortex_analyst"}
{"timestamp": "2026-01-29T14:39:39.920165", "level": "INFO", "logger": "elli", "message": "Using longest clean message (352 chars)", "taskName": null, "service": "cortex_analyst"}
{"timestamp": "2026-01-29T14:39:39.920412", "level": "INFO", "logger": "elli", "message": "API call succeeded: cortex_analyst.query (1071ms)", "taskName": null, "service": "cortex_analyst", "method": "query", "duration_ms": 1070.51, "success": true, "error": null, "request_id": "unknown", "has_sql": false, "model": null, "agent": "DEAL_AGENT"}
{"timestamp": "2026-01-29T14:39:39.921883", "level": "INFO", "logger": "elli", "message": "Query succeeded: how many deals were created in 2025...", "taskName": null, "user_id": "U09FL7NTXCG", "query_type": "cortex_analyst", "duration_ms": 14910.614252090454, "success": true}
{"timestamp": "2026-01-29T14:40:18.278050", "level": "INFO", "logger": "elli", "message": "Deal Agent query from user U09FL7NTXCG: give me the deals with companies with top 10 highest latest EBITDAs", "taskName": null, "service": "commands", "user_id": "U09FL7NTXCG", "command": "ask-deal-agent"}
{"timestamp": "2026-01-29T14:40:48.362500", "level": "INFO", "logger": "elli", "message": "SSE parsing complete: 281 events", "taskName": null, "service": "cortex_analyst", "request_id": "unknown"}
{"timestamp": "2026-01-29T14:40:48.363111", "level": "INFO", "logger": "elli", "message": "Extracted 276 text messages from 281 events", "taskName": null, "service": "cortex_analyst"}
{"timestamp": "2026-01-29T14:40:48.363556", "level": "INFO", "logger": "elli", "message": "Found final answer starting with 'Here are' (97 chars)", "taskName": null, "service": "cortex_analyst"}
{"timestamp": "2026-01-29T14:40:48.363918", "level": "INFO", "logger": "elli", "message": "API call succeeded: cortex_analyst.query (841ms)", "taskName": null, "service": "cortex_analyst", "method": "query", "duration_ms": 840.9, "success": true, "error": null, "request_id": "unknown", "has_sql": false, "model": null, "agent": "DEAL_AGENT"}
{"timestamp": "2026-01-29T14:40:48.365620", "level": "INFO", "logger": "elli", "message": "Query succeeded: give me the deals with companies with top 10 highest latest EBITDAs...", "taskName": null, "user_id": "U09FL7NTXCG", "query_type": "cortex_analyst", "duration_ms": 30087.11051940918, "success": true}
{"timestamp": "2026-01-29T14:45:13.766574", "level": "INFO", "logger": "elli", "message": "Snowflake credentials not found, using mock mode", "taskName": null, "service": "ai", "mode": "mock"}
{"timestamp": "2026-01-29T14:45:13.766993", "level": "INFO", "logger": "elli", "message": "Snowflake credentials not found, using mock vector store", "taskName": null, "service": "vector_store", "mode": "mock"}
{"timestamp": "2026-01-29T14:45:13.767248", "level": "INFO", "logger": "elli", "message": "RAG service initialized (top_k=3)", "taskName": null, "top_k": 3}
{"timestamp": "2026-01-29T14:45:13.767790", "level": "INFO", "logger": "elli", "message": "Semantic memory initialized (interval=10)", "taskName": null, "service": "semantic_memory"}
{"timestamp": "2026-01-29T14:45:13.887127", "level": "INFO", "logger": "elli", "message": "Cortex Analyst initialized for agent DEAL_AGENT", "taskName": null, "service": "cortex_analyst", "mode": "real", "auth": "pat", "agent": "DEAL_AGENT", "database": "DEV_CURATE", "schema": "CORE"}
{"timestamp": "2026-01-29T14:45:14.142661", "level": "INFO", "logger": "elli", "message": "Salesforce credentials not found, using mock mode", "taskName": null, "service": "salesforce", "mode": "mock"}
{"timestamp": "2026-01-29T14:45:14.143062", "level": "INFO", "logger": "elli", "message": "Snowflake credentials not found, using mock vector store", "taskName": null, "service": "vector_store", "mode": "mock"}
{"timestamp": "2026-01-29T14:45:14.143681", "level": "INFO", "logger": "elli", "message": "Elli is running!", "taskName": null}
{"timestamp": "2026-01-29T14:45:30.943705", "level": "INFO", "logger": "elli", "message": "Deal Agent query from user U09FL7NTXCG: give me the deals with companies with top 10 highest latest EBITDAs", "taskName": null, "service": "commands", "user_id": "U09FL7NTXCG", "command": "ask-deal-agent"}
{"timestamp": "2026-01-29T14:46:01.171407", "level": "INFO", "logger": "elli", "message": "SSE parsing complete: 289 events", "taskName": null, "service": "cortex_analyst", "request_id": "unknown"}
{"timestamp": "2026-01-29T14:46:01.171875", "level": "INFO", "logger": "elli", "message": "Extracted 284 text messages from 289 events", "taskName": null, "service": "cortex_analyst"}
{"timestamp": "2026-01-29T14:46:01.172158", "level": "INFO", "logger": "elli", "message": "Found final answer starting with 'Here are' (78 chars, 1 parts)", "taskName": null, "service": "cortex_analyst"}
{"timestamp": "2026-01-29T14:46:01.172333", "level": "INFO", "logger": "elli", "message": "API call succeeded: cortex_analyst.query (729ms)", "taskName": null, "service": "cortex_analyst", "method": "query", "duration_ms": 729.03, "success": true, "error": null, "request_id": "unknown", "has_sql": false, "model": null, "agent": "DEAL_AGENT"}
{"timestamp": "2026-01-29T14:46:01.173853", "level": "INFO", "logger": "elli", "message": "Query succeeded: give me the deals with companies with top 10 highest latest EBITDAs...", "taskName": null, "user_id": "U09FL7NTXCG", "query_type": "cortex_analyst", "duration_ms": 30229.499340057373, "success": true}
{"timestamp": "2026-01-29T14:48:27.052047", "level": "INFO", "logger": "elli", "message": "Snowflake credentials not found, using mock mode", "taskName": null, "service": "ai", "mode": "mock"}
{"timestamp": "2026-01-29T14:48:27.052507", "level": "INFO", "logger": "elli", "message": "Snowflake credentials not found, using mock vector store", "taskName": null, "service": "vector_store", "mode": "mock"}
{"timestamp": "2026-01-29T14:48:27.052784", "level": "INFO", "logger": "elli", "message": "RAG service initialized (top_k=3)", "taskName": null, "top_k": 3}
{"timestamp": "2026-01-29T14:48:27.052997", "level": "INFO", "logger": "elli", "message": "Semantic memory initialized (interval=10)", "taskName": null, "service": "semantic_memory"}
{"timestamp": "2026-01-29T14:48:27.169575", "level": "INFO", "logger": "elli", "message": "Cortex Analyst initialized for agent DEAL_AGENT", "taskName": null, "service": "cortex_analyst", "mode": "real", "auth": "pat", "agent": "DEAL_AGENT", "database": "DEV_CURATE", "schema": "CORE"}
{"timestamp": "2026-01-29T14:48:27.404858", "level": "INFO", "logger": "elli", "message": "Salesforce credentials not found, using mock mode", "taskName": null, "service": "salesforce", "mode": "mock"}
{"timestamp": "2026-01-29T14:48:27.405218", "level": "INFO", "logger": "elli", "message": "Snowflake credentials not found, using mock vector store", "taskName": null, "service": "vector_store", "mode": "mock"}
{"timestamp": "2026-01-29T14:48:27.405747", "level": "INFO", "logger": "elli", "message": "Elli is running!", "taskName": null}
{"timestamp": "2026-01-29T14:48:38.059764", "level": "INFO", "logger": "elli", "message": "Deal Agent query from user U09FL7NTXCG: give me the deals with companies with top 10 highest latest EBITDAs", "taskName": null, "service": "commands", "user_id": "U09FL7NTXCG", "command": "ask-deal-agent"}
{"timestamp": "2026-01-29T14:49:05.945665", "level": "INFO", "logger": "elli", "message": "SSE parsing complete: 259 events", "taskName": null, "service": "cortex_analyst", "request_id": "unknown"}
{"timestamp": "2026-01-29T14:49:05.946272", "level": "INFO", "logger": "elli", "message": "Extracted 254 text messages from 259 events", "taskName": null, "service": "cortex_analyst"}
{"timestamp": "2026-01-29T14:49:05.946860", "level": "INFO", "logger": "elli", "message": "Found final answer starting with 'Here are' (93 chars, 1 parts)", "taskName": null, "service": "cortex_analyst"}
{"timestamp": "2026-01-29T14:49:05.947343", "level": "INFO", "logger": "elli", "message": "API call succeeded: cortex_analyst.query (795ms)", "taskName": null, "service": "cortex_analyst", "method": "query", "duration_ms": 795.44, "success": true, "error": null, "request_id": "unknown", "has_sql": false, "model": null, "agent": "DEAL_AGENT"}
{"timestamp": "2026-01-29T14:49:05.949662", "level": "INFO", "logger": "elli", "message": "Query succeeded: give me the deals with companies with top 10 highest latest EBITDAs...", "taskName": null, "user_id": "U09FL7NTXCG", "query_type": "cortex_analyst", "duration_ms": 27889.460563659668, "success": true}
{"timestamp": "2026-01-29T14:54:07.645823", "level": "INFO", "logger": "elli", "message": "Snowflake credentials not found, using mock mode", "taskName": null, "service": "ai", "mode": "mock"}
{"timestamp": "2026-01-29T14:54:07.646133", "level": "INFO", "logger": "elli", "message": "Snowflake credentials not found, using mock vector store", "taskName": null, "service": "vector_store", "mode": "mock"}
{"timestamp": "2026-01-29T14:54:07.646292", "level": "INFO", "logger": "elli", "message": "RAG service initialized (top_k=3)", "taskName": null, "top_k": 3}
{"timestamp": "2026-01-29T14:54:07.646453", "level": "INFO", "logger": "elli", "message": "Semantic memory initialized (interval=10)", "taskName": null, "service": "semantic_memory"}
{"timestamp": "2026-01-29T14:54:10.825546", "level": "INFO", "logger": "elli", "message": "Cortex Analyst initialized for agent DEAL_AGENT", "taskName": null, "service": "cortex_analyst", "mode": "real", "auth": "pat", "agent": "DEAL_AGENT", "database": "DEV_CURATE", "schema": "CORE"}
{"timestamp": "2026-01-29T14:54:11.116640", "level": "INFO", "logger": "elli", "message": "Salesforce credentials not found, using mock mode", "taskName": null, "service": "salesforce", "mode": "mock"}
{"timestamp": "2026-01-29T14:54:11.116971", "level": "INFO", "logger": "elli", "message": "Snowflake credentials not found, using mock vector store", "taskName": null, "service": "vector_store", "mode": "mock"}
{"timestamp": "2026-01-29T14:54:11.117404", "level": "INFO", "logger": "elli", "message": "Elli is running!", "taskName": null}
{"timestamp": "2026-01-29T14:54:36.623928", "level": "INFO", "logger": "elli", "message": "Deal Agent query from user U09FL7NTXCG: give me the deals with companies with top 10 highest latest EBITDAs", "taskName": null, "service": "commands", "user_id": "U09FL7NTXCG", "command": "ask-deal-agent"}
{"timestamp": "2026-01-29T14:55:03.991590", "level": "INFO", "logger": "elli", "message": "SSE parsing complete: 280 events, 85 text parts", "taskName": null, "service": "cortex_analyst", "request_id": "unknown"}
{"timestamp": "2026-01-29T14:55:03.992028", "level": "INFO", "logger": "elli", "message": "API call succeeded: cortex_analyst.query (823ms)", "taskName": null, "service": "cortex_analyst", "method": "query", "duration_ms": 823.21, "success": true, "error": null, "request_id": "unknown", "has_sql": false, "model": null, "agent": "DEAL_AGENT"}
{"timestamp": "2026-01-29T14:55:03.993796", "level": "INFO", "logger": "elli", "message": "Query succeeded: give me the deals with companies with top 10 highest latest EBITDAs...", "taskName": null, "user_id": "U09FL7NTXCG", "query_type": "cortex_analyst", "duration_ms": 27369.23623085022, "success": true}
{"timestamp": "2026-01-29T15:01:30.436863", "level": "INFO", "logger": "elli", "message": "Deal Agent query from user U08JK8HHHMK: - how many deals do I have with Draftkings?", "taskName": null, "service": "commands", "user_id": "U08JK8HHHMK", "command": "ask-deal-agent"}
{"timestamp": "2026-01-29T15:01:46.718700", "level": "INFO", "logger": "elli", "message": "SSE parsing complete: 119 events, 18 text parts", "taskName": null, "service": "cortex_analyst", "request_id": "unknown"}
{"timestamp": "2026-01-29T15:01:46.719338", "level": "INFO", "logger": "elli", "message": "API call succeeded: cortex_analyst.query (801ms)", "taskName": null, "service": "cortex_analyst", "method": "query", "duration_ms": 801.34, "success": true, "error": null, "request_id": "unknown", "has_sql": false, "model": null, "agent": "DEAL_AGENT"}
{"timestamp": "2026-01-29T15:01:46.721062", "level": "INFO", "logger": "elli", "message": "Query succeeded: - how many deals do I have with Draftkings?...", "taskName": null, "user_id": "U08JK8HHHMK", "query_type": "cortex_analyst", "duration_ms": 16283.666372299194, "success": true}
{"timestamp": "2026-01-29T15:17:16.906953", "level": "INFO", "logger": "elli", "message": "Deal Agent query from user U09J2C2EE9K: what is the largest deal of 2025 by commitment amount and what is the company and its latest revenue", "taskName": null, "service": "commands", "user_id": "U09J2C2EE9K", "command": "ask-deal-agent"}
{"timestamp": "2026-01-29T15:17:52.251774", "level": "INFO", "logger": "elli", "message": "SSE parsing complete: 303 events, 55 text parts", "taskName": null, "service": "cortex_analyst", "request_id": "unknown"}
{"timestamp": "2026-01-29T15:17:52.252388", "level": "INFO", "logger": "elli", "message": "API call succeeded: cortex_analyst.query (786ms)", "taskName": null, "service": "cortex_analyst", "method": "query", "duration_ms": 786.47, "success": true, "error": null, "request_id": "unknown", "has_sql": false, "model": null, "agent": "DEAL_AGENT"}
{"timestamp": "2026-01-29T15:17:52.254232", "level": "INFO", "logger": "elli", "message": "Query succeeded: what is the largest deal of 2025 by commitment amount and what is the company and its latest revenue...", "taskName": null, "user_id": "U09J2C2EE9K", "query_type": "cortex_analyst", "duration_ms": 35346.58360481262, "success": true}
{"timestamp": "2026-01-29T15:56:10.192258", "level": "INFO", "logger": "elli", "message": "Snowflake credentials not found, using mock mode", "taskName": null, "service": "ai", "mode": "mock"}
{"timestamp": "2026-01-29T15:56:10.192608", "level": "INFO", "logger": "elli", "message": "Snowflake credentials not found, using mock vector store", "taskName": null, "service": "vector_store", "mode": "mock"}
{"timestamp": "2026-01-29T15:56:10.192820", "level": "INFO", "logger": "elli", "message": "RAG service initialized (top_k=3)", "taskName": null, "top_k": 3}
{"timestamp": "2026-01-29T15:56:10.193263", "level": "INFO", "logger": "elli", "message": "Semantic memory initialized (interval=10)", "taskName": null, "service": "semantic_memory"}
{"timestamp": "2026-01-29T15:56:13.519495", "level": "INFO", "logger": "elli", "message": "Cortex Analyst initialized for agent DEAL_AGENT", "taskName": null, "service": "cortex_analyst", "mode": "real", "auth": "pat", "agent": "DEAL_AGENT", "database": "DEV_CURATE", "schema": "CORE"}
{"timestamp": "2026-01-29T15:56:13.850965", "level": "INFO", "logger": "elli", "message": "Salesforce credentials not found, using mock mode", "taskName": null, "service": "salesforce", "mode": "mock"}
{"timestamp": "2026-01-29T15:56:13.851277", "level": "INFO", "logger": "elli", "message": "Snowflake credentials not found, using mock vector store", "taskName": null, "service": "vector_store", "mode": "mock"}
{"timestamp": "2026-01-29T15:56:13.851540", "level": "INFO", "logger": "elli", "message": "Elli is running!", "taskName": null}
{"timestamp": "2026-01-29T18:17:24.955489", "level": "INFO", "logger": "elli", "message": "Snowflake credentials not found, using mock mode", "taskName": null, "service": "ai", "mode": "mock"}
{"timestamp": "2026-01-29T18:17:24.955933", "level": "INFO", "logger": "elli", "message": "Snowflake credentials not found, using mock vector store", "taskName": null, "service": "vector_store", "mode": "mock"}
{"timestamp": "2026-01-29T18:17:24.956160", "level": "INFO", "logger": "elli", "message": "RAG service initialized (top_k=3)", "taskName": null, "top_k": 3}
{"timestamp": "2026-01-29T18:17:24.956443", "level": "INFO", "logger": "elli", "message": "Semantic memory initialized (interval=10)", "taskName": null, "service": "semantic_memory"}
{"timestamp": "2026-01-29T18:17:28.412181", "level": "INFO", "logger": "elli", "message": "Cortex Analyst initialized for agent DEAL_AGENT", "taskName": null, "service": "cortex_analyst", "mode": "real", "auth": "pat", "agent": "DEAL_AGENT", "database": "DEV_CURATE", "schema": "CORE"}
{"timestamp": "2026-01-29T18:17:28.760682", "level": "INFO", "logger": "elli", "message": "Salesforce credentials not found, using mock mode", "taskName": null, "service": "salesforce", "mode": "mock"}
{"timestamp": "2026-01-29T18:17:28.761319", "level": "INFO", "logger": "elli", "message": "Snowflake credentials not found, using mock vector store", "taskName": null, "service": "vector_store", "mode": "mock"}
{"timestamp": "2026-01-29T18:17:28.761740", "level": "INFO", "logger": "elli", "message": "Elli is running!", "taskName": null}
{"timestamp": "2026-01-29T18:26:49.016950", "level": "INFO", "logger": "elli", "message": "Snowflake credentials not found, using mock mode", "taskName": null, "service": "ai", "mode": "mock"}
{"timestamp": "2026-01-29T18:26:49.017375", "level": "INFO", "logger": "elli", "message": "Snowflake credentials not found, using mock vector store", "taskName": null, "service": "vector_store", "mode": "mock"}
{"timestamp": "2026-01-29T18:26:49.017588", "level": "INFO", "logger": "elli", "message": "RAG service initialized (top_k=3)", "taskName": null, "top_k": 3}
{"timestamp": "2026-01-29T18:26:49.017789", "level": "INFO", "logger": "elli", "message": "Semantic memory initialized (interval=10)", "taskName": null, "service": "semantic_memory"}
{"timestamp": "2026-01-29T18:26:52.288952", "level": "INFO", "logger": "elli", "message": "Cortex Analyst initialized for agent DEAL_AGENT", "taskName": null, "service": "cortex_analyst", "mode": "real", "auth": "pat", "agent": "DEAL_AGENT", "database": "DEV_CURATE", "schema": "CORE"}
{"timestamp": "2026-01-29T18:26:52.611032", "level": "WARNING", "logger": "elli", "message": "simple-salesforce not installed, using mock mode", "taskName": null, "service": "salesforce"}
{"timestamp": "2026-01-29T18:26:52.611384", "level": "INFO", "logger": "elli", "message": "Snowflake credentials not found, using mock vector store", "taskName": null, "service": "vector_store", "mode": "mock"}
{"timestamp": "2026-01-29T18:26:52.612016", "level": "INFO", "logger": "elli", "message": "Elli is running!", "taskName": null}
{"timestamp": "2026-01-29T18:27:51.912964", "level": "INFO", "logger": "elli", "message": "Snowflake credentials not found, using mock mode", "taskName": null, "service": "ai", "mode": "mock"}
{"timestamp": "2026-01-29T18:27:51.913395", "level": "INFO", "logger": "elli", "message": "Snowflake credentials not found, using mock vector store", "taskName": null, "service": "vector_store", "mode": "mock"}
{"timestamp": "2026-01-29T18:27:51.913687", "level": "INFO", "logger": "elli", "message": "RAG service initialized (top_k=3)", "taskName": null, "top_k": 3}
{"timestamp": "2026-01-29T18:27:51.913916", "level": "INFO", "logger": "elli", "message": "Semantic memory initialized (interval=10)", "taskName": null, "service": "semantic_memory"}
{"timestamp": "2026-01-29T18:27:51.999206", "level": "INFO", "logger": "elli", "message": "Cortex Analyst initialized for agent DEAL_AGENT", "taskName": null, "service": "cortex_analyst", "mode": "real", "auth": "pat", "agent": "DEAL_AGENT", "database": "DEV_CURATE", "schema": "CORE"}
{"timestamp": "2026-01-29T18:27:55.177727", "level": "INFO", "logger": "elli", "message": "Connected to Salesforce API via session ID", "taskName": null, "service": "salesforce", "mode": "real", "auth_method": "session_id"}
{"timestamp": "2026-01-29T18:27:55.178094", "level": "INFO", "logger": "elli", "message": "Snowflake credentials not found, using mock vector store", "taskName": null, "service": "vector_store", "mode": "mock"}
{"timestamp": "2026-01-29T18:27:55.178392", "level": "INFO", "logger": "elli", "message": "Elli is running!", "taskName": null}
{"timestamp": "2026-01-29T18:29:46.765684", "level": "INFO", "logger": "elli", "message": "Received app mention from user U09FL7NTXCG", "taskName": null, "user_id": "U09FL7NTXCG", "channel_id": "C0A8HF2Q7GT", "query": "<@U0A8MMCJWUE> find opportunities for Venbrook"}
{"timestamp": "2026-01-29T18:29:46.934528", "level": "INFO", "logger": "elli", "message": "RAG search: 0 sources found (avg relevance: 0.00%)", "taskName": null, "query": "<@U0A8MMCJWUE> find opportunities for Venbrook", "sources_found": 0, "avg_relevance": 0.0, "max_relevance": 0, "min_relevance": 0, "duration_ms": 0.02, "search_types": []}
{"timestamp": "2026-01-29T18:29:46.934805", "level": "INFO", "logger": "elli", "message": "No relevant chunks found, falling back to direct AI", "taskName": null, "query": "<@U0A8MMCJWUE> find opportunities for Venbrook"}
{"timestamp": "2026-01-29T18:29:47.057289", "level": "INFO", "logger": "elli", "message": "Query succeeded: <@U0A8MMCJWUE> find opportunities for Venbrook...", "taskName": null, "user_id": "U09FL7NTXCG", "query_type": "direct_ai", "duration_ms": 291.37372970581055, "success": true}
{"timestamp": "2026-01-29T18:31:21.716999", "level": "INFO", "logger": "elli", "message": "Created deal session for user U09FL7NTXCG", "taskName": null, "service": "messages", "user_id": "U09FL7NTXCG", "company": "Pizza Hut"}
{"timestamp": "2026-01-29T18:31:34.602810", "level": "INFO", "logger": "elli", "message": "Creating opportunity: Pizza Hut - New Deal", "taskName": null, "service": "salesforce", "user_id": "U09FL7NTXCG", "opp_data": {"Name": "Pizza Hut - New Deal", "Amount": 100000, "StageName": "Discovery", "CloseDate": "2026-01-31"}}
{"timestamp": "2026-01-29T18:31:34.603610", "level": "INFO", "logger": "elli", "message": "Connected to Salesforce API via session ID", "taskName": null, "service": "salesforce", "mode": "real", "auth_method": "session_id"}
{"timestamp": "2026-01-29T18:31:35.093899", "level": "ERROR", "logger": "elli", "message": "Error: SalesforceExpiredSession: Expired session for https://eldridge.my.salesforce.com/services/data/v59.0/sobjects/Opportunity/. Response content: [{'message': 'Session expired or invalid', 'errorCode': 'INVALID_SESSION_ID'}]", "taskName": null, "error_type": "SalesforceExpiredSession", "error_message": "Expired session for https://eldridge.my.salesforce.com/services/data/v59.0/sobjects/Opportunity/. Response content: [{'message': 'Session expired or invalid', 'errorCode': 'INVALID_SESSION_ID'}]", "stack_trace": "Traceback (most recent call last):\n  File \"C:\\Users\\BoddifordJohn\\Downloads\\Experiment\\Elli\\services\\sf_client.py\", line 368, in create_opportunity\n    result = self.sf.Opportunity.create(data)\n  File \"C:\\Users\\BoddifordJohn\\AppData\\Local\\Packages\\PythonSoftwareFoundation.Python.3.13_qbz5n2kfra8p0\\LocalCache\\local-packages\\Python313\\site-packages\\simple_salesforce\\api.py\", line 1079, in create\n    result = self._call_salesforce(\n        method='POST',\n    ...<2 lines>...\n        headers=headers\n        )\n  File \"C:\\Users\\BoddifordJohn\\AppData\\Local\\Packages\\PythonSoftwareFoundation.Python.3.13_qbz5n2kfra8p0\\LocalCache\\local-packages\\Python313\\site-packages\\simple_salesforce\\api.py\", line 1279, in _call_salesforce\n    exception_handler(result,\n    ~~~~~~~~~~~~~~~~~^^^^^^^^\n                      self.name\n                      ^^^^^^^^^\n                      )\n                      ^\n  File \"C:\\Users\\BoddifordJohn\\AppData\\Local\\Packages\\PythonSoftwareFoundation.Python.3.13_qbz5n2kfra8p0\\LocalCache\\local-packages\\Python313\\site-packages\\simple_salesforce\\util.py\", line 89, in exception_handler\n    raise exc_cls(result.url, result.status_code, name, response_content)\nsimple_salesforce.exceptions.SalesforceExpiredSession: Expired session for https://eldridge.my.salesforce.com/services/data/v59.0/sobjects/Opportunity/. Response content: [{'message': 'Session expired or invalid', 'errorCode': 'INVALID_SESSION_ID'}]\n", "service": "salesforce", "method": "create_opportunity", "data": {"Name": "Pizza Hut - New Deal", "Amount": 100000, "StageName": "Discovery", "CloseDate": "2026-01-31"}}
{"timestamp": "2026-01-29T18:31:35.212267", "level": "INFO", "logger": "elli", "message": "Deleted deal session for user U09FL7NTXCG", "taskName": null, "service": "messages", "user_id": "U09FL7NTXCG"}
{"timestamp": "2026-01-29T21:26:41.293397", "level": "INFO", "logger": "elli", "message": "Snowflake credentials not found, using mock mode", "taskName": null, "service": "ai", "mode": "mock"}
{"timestamp": "2026-01-29T21:26:41.293741", "level": "INFO", "logger": "elli", "message": "Snowflake credentials not found, using mock vector store", "taskName": null, "service": "vector_store", "mode": "mock"}
{"timestamp": "2026-01-29T21:26:41.294064", "level": "INFO", "logger": "elli", "message": "RAG service initialized (top_k=3)", "taskName": null, "top_k": 3}
{"timestamp": "2026-01-29T21:26:41.294195", "level": "INFO", "logger": "elli", "message": "Semantic memory initialized (interval=10)", "taskName": null, "service": "semantic_memory"}
{"timestamp": "2026-01-29T21:26:45.103293", "level": "INFO", "logger": "elli", "message": "Cortex Analyst initialized for agent DEAL_AGENT", "taskName": null, "service": "cortex_analyst", "mode": "real", "auth": "pat", "agent": "DEAL_AGENT", "database": "DEV_CURATE", "schema": "CORE"}
{"timestamp": "2026-01-29T21:26:50.839524", "level": "INFO", "logger": "elli", "message": "Connected to Salesforce API via session ID", "taskName": null, "service": "salesforce", "mode": "real", "auth_method": "session_id"}
{"timestamp": "2026-01-29T21:26:50.839686", "level": "INFO", "logger": "elli", "message": "Snowflake credentials not found, using mock vector store", "taskName": null, "service": "vector_store", "mode": "mock"}
{"timestamp": "2026-01-29T21:26:50.840115", "level": "INFO", "logger": "elli", "message": "Elli is running!", "taskName": null}
{"timestamp": "2026-01-29T21:26:59.835681", "level": "INFO", "logger": "elli", "message": "Parsed deal message", "taskName": null, "service": "deal_parser", "opportunity_name": "ThreeSixty Group", "strategy": "Corporate Credit", "security_type": "Delay Draw Term Loan", "stage": "Initial Review", "confidence": 1.0, "fields_found": 5}
{"timestamp": "2026-01-29T21:26:59.835984", "level": "INFO", "logger": "elli", "message": "Parsed deal from thread reply", "taskName": null, "service": "messages", "user_id": "U09FL7NTXCG", "parsed_data": {"opportunity_name": "ThreeSixty Group", "strategy": "Corporate Credit", "security_type": "Delay Draw Term Loan", "stage": "Initial Review", "close_date": "2026-02-10", "amount": 50000000, "company_name": "ThreeSixty Group", "source": "Houlihan Lokey Originator: Team: Consumer () Sponsor: AEA Investors Stage: Initial interest level given rescue capital Transaction Type: Incremental financing / rescue capital SF Entry: Transaction Overview: ThreeSixty, an AEA Investors portco, is currently seeking $35\u2013$50 million in junior secured delayed draw term loan (DDTL) financing, with approximately $20 million expected to be funded at closing to help bridge working capital and normalize vendor payments (some aged outstanding AP). This f", "sponsor": "AEA Investors Stage: Initial interest level given rescue capital Transaction Type: Incremental financing / rescue capital SF Entry: Transaction Overview: ThreeSixty, an AEA Investors portco, is currently seeking $35\u2013$50 million in junior secured delayed draw term loan (DDTL) financing, with approximately $20 million expected to be funded at closing to help bridge working capital and normalize vendor payments (some aged outstanding AP). This financing was formally launched in late December 2025 w", "transaction_type": "Incremental financing / rescue capital SF Entry: Transaction Overview: ThreeSixty, an AEA Investors portco, is currently seeking $35\u2013$50 million in junior secured delayed draw term loan (DDTL) financing, with approximately $20 million expected to be funded at closing to help bridge working capital and normalize vendor payments (some aged outstanding AP). This financing was formally launched in late December 2025 with a target closing date of February 10, 2026 but is slipping to later. AEA and cu", "confidence": 1.0}}
{"timestamp": "2026-01-29T21:26:59.836235", "level": "INFO", "logger": "elli", "message": "Created deal session for user U09FL7NTXCG", "taskName": null, "service": "messages", "user_id": "U09FL7NTXCG", "company": "ThreeSixty Group"}
{"timestamp": "2026-01-29T21:27:21.943466", "level": "INFO", "logger": "elli", "message": "Creating opportunity: ThreeSixty Group - New Deal", "taskName": null, "service": "salesforce", "user_id": "U09FL7NTXCG", "opp_data": {"Name": "ThreeSixty Group - New Deal", "Strategy__c": "Corporate Credit", "Security_Type__c": "Term Loan", "StageName": "Initial Review", "CloseDate": "2026-02-10", "Amount": 50000000}}
{"timestamp": "2026-01-29T21:27:21.944086", "level": "INFO", "logger": "elli", "message": "Connected to Salesforce API via session ID", "taskName": null, "service": "salesforce", "mode": "real", "auth_method": "session_id"}
{"timestamp": "2026-01-29T21:27:22.487986", "level": "ERROR", "logger": "elli", "message": "Error: SalesforceExpiredSession: Expired session for https://eldridge.my.salesforce.com/services/data/v59.0/sobjects/Opportunity/. Response content: [{'message': 'Session expired or invalid', 'errorCode': 'INVALID_SESSION_ID'}]", "taskName": null, "error_type": "SalesforceExpiredSession", "error_message": "Expired session for https://eldridge.my.salesforce.com/services/data/v59.0/sobjects/Opportunity/. Response content: [{'message': 'Session expired or invalid', 'errorCode': 'INVALID_SESSION_ID'}]", "stack_trace": "Traceback (most recent call last):\n  File \"C:\\Users\\BoddifordJohn\\Downloads\\Experiment\\Elli\\services\\sf_client.py\", line 472, in create_opportunity\n    result = self.sf.Opportunity.create(data)\n  File \"C:\\Users\\BoddifordJohn\\AppData\\Local\\Packages\\PythonSoftwareFoundation.Python.3.13_qbz5n2kfra8p0\\LocalCache\\local-packages\\Python313\\site-packages\\simple_salesforce\\api.py\", line 1079, in create\n    result = self._call_salesforce(\n        method='POST',\n    ...<2 lines>...\n        headers=headers\n        )\n  File \"C:\\Users\\BoddifordJohn\\AppData\\Local\\Packages\\PythonSoftwareFoundation.Python.3.13_qbz5n2kfra8p0\\LocalCache\\local-packages\\Python313\\site-packages\\simple_salesforce\\api.py\", line 1279, in _call_salesforce\n    exception_handler(result,\n    ~~~~~~~~~~~~~~~~~^^^^^^^^\n                      self.name\n                      ^^^^^^^^^\n                      )\n                      ^\n  File \"C:\\Users\\BoddifordJohn\\AppData\\Local\\Packages\\PythonSoftwareFoundation.Python.3.13_qbz5n2kfra8p0\\LocalCache\\local-packages\\Python313\\site-packages\\simple_salesforce\\util.py\", line 89, in exception_handler\n    raise exc_cls(result.url, result.status_code, name, response_content)\nsimple_salesforce.exceptions.SalesforceExpiredSession: Expired session for https://eldridge.my.salesforce.com/services/data/v59.0/sobjects/Opportunity/. Response content: [{'message': 'Session expired or invalid', 'errorCode': 'INVALID_SESSION_ID'}]\n", "service": "salesforce", "method": "create_opportunity", "data": {"Name": "ThreeSixty Group - New Deal", "Strategy__c": "Corporate Credit", "Security_Type__c": "Term Loan", "StageName": "Initial Review", "CloseDate": "2026-02-10", "Amount": 50000000}}
{"timestamp": "2026-01-29T21:27:22.620536", "level": "INFO", "logger": "elli", "message": "Deleted deal session for user U09FL7NTXCG", "taskName": null, "service": "messages", "user_id": "U09FL7NTXCG"}
{"timestamp": "2026-01-29T21:27:26.255536", "level": "INFO", "logger": "elli", "message": "Parsed deal message", "taskName": null, "service": "deal_parser", "opportunity_name": "ThreeSixty Group", "strategy": "Corporate Credit", "security_type": "Delay Draw Term Loan", "stage": "Initial Review", "confidence": 1.0, "fields_found": 5}
{"timestamp": "2026-01-29T21:27:26.256081", "level": "INFO", "logger": "elli", "message": "Parsed deal from thread reply", "taskName": null, "service": "messages", "user_id": "U09FL7NTXCG", "parsed_data": {"opportunity_name": "ThreeSixty Group", "strategy": "Corporate Credit", "security_type": "Delay Draw Term Loan", "stage": "Initial Review", "close_date": "2026-02-10", "amount": 50000000, "company_name": "ThreeSixty Group", "source": "Houlihan Lokey Originator: Team: Consumer () Sponsor: AEA Investors Stage: Initial interest level given rescue capital Transaction Type: Incremental financing / rescue capital SF Entry: Transaction Overview: ThreeSixty, an AEA Investors portco, is currently seeking $35\u2013$50 million in junior secured delayed draw term loan (DDTL) financing, with approximately $20 million expected to be funded at closing to help bridge working capital and normalize vendor payments (some aged outstanding AP). This f", "sponsor": "AEA Investors Stage: Initial interest level given rescue capital Transaction Type: Incremental financing / rescue capital SF Entry: Transaction Overview: ThreeSixty, an AEA Investors portco, is currently seeking $35\u2013$50 million in junior secured delayed draw term loan (DDTL) financing, with approximately $20 million expected to be funded at closing to help bridge working capital and normalize vendor payments (some aged outstanding AP). This financing was formally launched in late December 2025 w", "transaction_type": "Incremental financing / rescue capital SF Entry: Transaction Overview: ThreeSixty, an AEA Investors portco, is currently seeking $35\u2013$50 million in junior secured delayed draw term loan (DDTL) financing, with approximately $20 million expected to be funded at closing to help bridge working capital and normalize vendor payments (some aged outstanding AP). This financing was formally launched in late December 2025 with a target closing date of February 10, 2026 but is slipping to later. AEA and cu", "confidence": 1.0}}
{"timestamp": "2026-01-29T21:27:26.256420", "level": "INFO", "logger": "elli", "message": "Created deal session for user U09FL7NTXCG", "taskName": null, "service": "messages", "user_id": "U09FL7NTXCG", "company": "ThreeSixty Group"}
{"timestamp": "2026-01-29T21:27:55.083562", "level": "INFO", "logger": "elli", "message": "Creating opportunity: ThreeSixty Group - New Deal", "taskName": null, "service": "salesforce", "user_id": "U09FL7NTXCG", "opp_data": {"Name": "ThreeSixty Group - New Deal", "Strategy__c": "Corporate Credit", "Security_Type__c": "Term Loan", "StageName": "Initial Review", "CloseDate": "2026-02-10", "Amount": 50000000}}
{"timestamp": "2026-01-29T21:27:55.083911", "level": "INFO", "logger": "elli", "message": "Connected to Salesforce API via session ID", "taskName": null, "service": "salesforce", "mode": "real", "auth_method": "session_id"}
{"timestamp": "2026-01-29T21:27:55.913115", "level": "ERROR", "logger": "elli", "message": "Error: SalesforceExpiredSession: Expired session for https://eldridge.my.salesforce.com/services/data/v59.0/sobjects/Opportunity/. Response content: [{'message': 'Session expired or invalid', 'errorCode': 'INVALID_SESSION_ID'}]", "taskName": null, "error_type": "SalesforceExpiredSession", "error_message": "Expired session for https://eldridge.my.salesforce.com/services/data/v59.0/sobjects/Opportunity/. Response content: [{'message': 'Session expired or invalid', 'errorCode': 'INVALID_SESSION_ID'}]", "stack_trace": "Traceback (most recent call last):\n  File \"C:\\Users\\BoddifordJohn\\Downloads\\Experiment\\Elli\\services\\sf_client.py\", line 472, in create_opportunity\n    result = self.sf.Opportunity.create(data)\n  File \"C:\\Users\\BoddifordJohn\\AppData\\Local\\Packages\\PythonSoftwareFoundation.Python.3.13_qbz5n2kfra8p0\\LocalCache\\local-packages\\Python313\\site-packages\\simple_salesforce\\api.py\", line 1079, in create\n    result = self._call_salesforce(\n        method='POST',\n    ...<2 lines>...\n        headers=headers\n        )\n  File \"C:\\Users\\BoddifordJohn\\AppData\\Local\\Packages\\PythonSoftwareFoundation.Python.3.13_qbz5n2kfra8p0\\LocalCache\\local-packages\\Python313\\site-packages\\simple_salesforce\\api.py\", line 1279, in _call_salesforce\n    exception_handler(result,\n    ~~~~~~~~~~~~~~~~~^^^^^^^^\n                      self.name\n                      ^^^^^^^^^\n                      )\n                      ^\n  File \"C:\\Users\\BoddifordJohn\\AppData\\Local\\Packages\\PythonSoftwareFoundation.Python.3.13_qbz5n2kfra8p0\\LocalCache\\local-packages\\Python313\\site-packages\\simple_salesforce\\util.py\", line 89, in exception_handler\n    raise exc_cls(result.url, result.status_code, name, response_content)\nsimple_salesforce.exceptions.SalesforceExpiredSession: Expired session for https://eldridge.my.salesforce.com/services/data/v59.0/sobjects/Opportunity/. Response content: [{'message': 'Session expired or invalid', 'errorCode': 'INVALID_SESSION_ID'}]\n", "service": "salesforce", "method": "create_opportunity", "data": {"Name": "ThreeSixty Group - New Deal", "Strategy__c": "Corporate Credit", "Security_Type__c": "Term Loan", "StageName": "Initial Review", "CloseDate": "2026-02-10", "Amount": 50000000}}
{"timestamp": "2026-01-29T21:27:56.030703", "level": "INFO", "logger": "elli", "message": "Deleted deal session for user U09FL7NTXCG", "taskName": null, "service": "messages", "user_id": "U09FL7NTXCG"}
{"timestamp": "2026-01-29T21:31:48.650904", "level": "INFO", "logger": "elli", "message": "Snowflake credentials not found, using mock mode", "taskName": null, "service": "ai", "mode": "mock"}
{"timestamp": "2026-01-29T21:31:48.651199", "level": "INFO", "logger": "elli", "message": "Snowflake credentials not found, using mock vector store", "taskName": null, "service": "vector_store", "mode": "mock"}
{"timestamp": "2026-01-29T21:31:48.651470", "level": "INFO", "logger": "elli", "message": "RAG service initialized (top_k=3)", "taskName": null, "top_k": 3}
{"timestamp": "2026-01-29T21:31:48.651685", "level": "INFO", "logger": "elli", "message": "Semantic memory initialized (interval=10)", "taskName": null, "service": "semantic_memory"}
{"timestamp": "2026-01-29T21:31:48.734249", "level": "INFO", "logger": "elli", "message": "Cortex Analyst initialized for agent DEAL_AGENT", "taskName": null, "service": "cortex_analyst", "mode": "real", "auth": "pat", "agent": "DEAL_AGENT", "database": "DEV_CURATE", "schema": "CORE"}
{"timestamp": "2026-01-29T21:31:49.130932", "level": "INFO", "logger": "elli", "message": "Connected to Salesforce API via session ID", "taskName": null, "service": "salesforce", "mode": "real", "auth_method": "session_id"}
{"timestamp": "2026-01-29T21:31:49.131221", "level": "INFO", "logger": "elli", "message": "Snowflake credentials not found, using mock vector store", "taskName": null, "service": "vector_store", "mode": "mock"}
{"timestamp": "2026-01-29T21:31:49.131785", "level": "INFO", "logger": "elli", "message": "Elli is running!", "taskName": null}
{"timestamp": "2026-01-29T21:32:28.378286", "level": "INFO", "logger": "elli", "message": "Parsed deal message", "taskName": null, "service": "deal_parser", "opportunity_name": "ThreeSixty Group", "strategy": "Corporate Credit", "security_type": "Delay Draw Term Loan", "stage": "Initial Review", "confidence": 1.0, "fields_found": 5}
{"timestamp": "2026-01-29T21:32:28.378755", "level": "INFO", "logger": "elli", "message": "Parsed deal from thread reply", "taskName": null, "service": "messages", "user_id": "U09FL7NTXCG", "parsed_data": {"opportunity_name": "ThreeSixty Group", "strategy": "Corporate Credit", "security_type": "Delay Draw Term Loan", "stage": "Initial Review", "close_date": "2026-02-10", "amount": 50000000, "company_name": "ThreeSixty Group", "source": "Houlihan Lokey Originator: Team: Consumer () Sponsor: AEA Investors Stage: Initial interest level given rescue capital Transaction Type: Incremental financing / rescue capital SF Entry: Transaction Overview: ThreeSixty, an AEA Investors portco, is currently seeking $35\u2013$50 million in junior secured delayed draw term loan (DDTL) financing, with approximately $20 million expected to be funded at closing to help bridge working capital and normalize vendor payments (some aged outstanding AP). This f", "sponsor": "AEA Investors Stage: Initial interest level given rescue capital Transaction Type: Incremental financing / rescue capital SF Entry: Transaction Overview: ThreeSixty, an AEA Investors portco, is currently seeking $35\u2013$50 million in junior secured delayed draw term loan (DDTL) financing, with approximately $20 million expected to be funded at closing to help bridge working capital and normalize vendor payments (some aged outstanding AP). This financing was formally launched in late December 2025 w", "transaction_type": "Incremental financing / rescue capital SF Entry: Transaction Overview: ThreeSixty, an AEA Investors portco, is currently seeking $35\u2013$50 million in junior secured delayed draw term loan (DDTL) financing, with approximately $20 million expected to be funded at closing to help bridge working capital and normalize vendor payments (some aged outstanding AP). This financing was formally launched in late December 2025 with a target closing date of February 10, 2026 but is slipping to later. AEA and cu", "confidence": 1.0}}
{"timestamp": "2026-01-29T21:32:28.379081", "level": "INFO", "logger": "elli", "message": "Created deal session for user U09FL7NTXCG", "taskName": null, "service": "messages", "user_id": "U09FL7NTXCG", "company": "ThreeSixty Group"}
{"timestamp": "2026-01-29T21:32:33.770623", "level": "INFO", "logger": "elli", "message": "Creating opportunity: ThreeSixty Group - New Deal", "taskName": null, "service": "salesforce", "user_id": "U09FL7NTXCG", "opp_data": {"Name": "ThreeSixty Group - New Deal", "Strategy__c": "Corporate Credit", "Security_Type__c": "Term Loan", "StageName": "Initial Review", "CloseDate": "2026-02-10", "Amount": 50000000}}
{"timestamp": "2026-01-29T21:32:33.771175", "level": "INFO", "logger": "elli", "message": "Connected to Salesforce API via session ID", "taskName": null, "service": "salesforce", "mode": "real", "auth_method": "session_id"}
{"timestamp": "2026-01-29T21:32:34.126865", "level": "ERROR", "logger": "elli", "message": "Error: SalesforceExpiredSession: Expired session for https://eldridge.my.salesforce.com/services/data/v59.0/sobjects/Opportunity/. Response content: [{'message': 'Session expired or invalid', 'errorCode': 'INVALID_SESSION_ID'}]", "taskName": null, "error_type": "SalesforceExpiredSession", "error_message": "Expired session for https://eldridge.my.salesforce.com/services/data/v59.0/sobjects/Opportunity/. Response content: [{'message': 'Session expired or invalid', 'errorCode': 'INVALID_SESSION_ID'}]", "stack_trace": "Traceback (most recent call last):\n  File \"C:\\Users\\BoddifordJohn\\Downloads\\Experiment\\Elli\\services\\sf_client.py\", line 472, in create_opportunity\n    result = self.sf.Opportunity.create(data)\n  File \"C:\\Users\\BoddifordJohn\\AppData\\Local\\Packages\\PythonSoftwareFoundation.Python.3.13_qbz5n2kfra8p0\\LocalCache\\local-packages\\Python313\\site-packages\\simple_salesforce\\api.py\", line 1079, in create\n    result = self._call_salesforce(\n        method='POST',\n    ...<2 lines>...\n        headers=headers\n        )\n  File \"C:\\Users\\BoddifordJohn\\AppData\\Local\\Packages\\PythonSoftwareFoundation.Python.3.13_qbz5n2kfra8p0\\LocalCache\\local-packages\\Python313\\site-packages\\simple_salesforce\\api.py\", line 1279, in _call_salesforce\n    exception_handler(result,\n    ~~~~~~~~~~~~~~~~~^^^^^^^^\n                      self.name\n                      ^^^^^^^^^\n                      )\n                      ^\n  File \"C:\\Users\\BoddifordJohn\\AppData\\Local\\Packages\\PythonSoftwareFoundation.Python.3.13_qbz5n2kfra8p0\\LocalCache\\local-packages\\Python313\\site-packages\\simple_salesforce\\util.py\", line 89, in exception_handler\n    raise exc_cls(result.url, result.status_code, name, response_content)\nsimple_salesforce.exceptions.SalesforceExpiredSession: Expired session for https://eldridge.my.salesforce.com/services/data/v59.0/sobjects/Opportunity/. Response content: [{'message': 'Session expired or invalid', 'errorCode': 'INVALID_SESSION_ID'}]\n", "service": "salesforce", "method": "create_opportunity", "data": {"Name": "ThreeSixty Group - New Deal", "Strategy__c": "Corporate Credit", "Security_Type__c": "Term Loan", "StageName": "Initial Review", "CloseDate": "2026-02-10", "Amount": 50000000}}
{"timestamp": "2026-01-29T21:32:34.238899", "level": "INFO", "logger": "elli", "message": "Deleted deal session for user U09FL7NTXCG", "taskName": null, "service": "messages", "user_id": "U09FL7NTXCG"}
{"timestamp": "2026-01-29T21:32:54.266714", "level": "INFO", "logger": "elli", "message": "Snowflake credentials not found, using mock mode", "taskName": null, "service": "ai", "mode": "mock"}
{"timestamp": "2026-01-29T21:32:54.267193", "level": "INFO", "logger": "elli", "message": "Snowflake credentials not found, using mock vector store", "taskName": null, "service": "vector_store", "mode": "mock"}
{"timestamp": "2026-01-29T21:32:54.267396", "level": "INFO", "logger": "elli", "message": "RAG service initialized (top_k=3)", "taskName": null, "top_k": 3}
{"timestamp": "2026-01-29T21:32:54.267571", "level": "INFO", "logger": "elli", "message": "Semantic memory initialized (interval=10)", "taskName": null, "service": "semantic_memory"}
{"timestamp": "2026-01-29T21:32:54.352029", "level": "INFO", "logger": "elli", "message": "Cortex Analyst initialized for agent DEAL_AGENT", "taskName": null, "service": "cortex_analyst", "mode": "real", "auth": "pat", "agent": "DEAL_AGENT", "database": "DEV_CURATE", "schema": "CORE"}
{"timestamp": "2026-01-29T21:32:54.748324", "level": "INFO", "logger": "elli", "message": "Connected to Salesforce API via session ID", "taskName": null, "service": "salesforce", "mode": "real", "auth_method": "session_id"}
{"timestamp": "2026-01-29T21:32:54.748541", "level": "INFO", "logger": "elli", "message": "Snowflake credentials not found, using mock vector store", "taskName": null, "service": "vector_store", "mode": "mock"}
{"timestamp": "2026-01-29T21:32:54.748790", "level": "INFO", "logger": "elli", "message": "Elli is running!", "taskName": null}
{"timestamp": "2026-01-29T21:33:05.506717", "level": "INFO", "logger": "elli", "message": "Parsed deal message", "taskName": null, "service": "deal_parser", "opportunity_name": "ThreeSixty Group", "strategy": "Corporate Credit", "security_type": "Delay Draw Term Loan", "stage": "Initial Review", "confidence": 1.0, "fields_found": 5}
{"timestamp": "2026-01-29T21:33:05.507000", "level": "INFO", "logger": "elli", "message": "Parsed deal from thread reply", "taskName": null, "service": "messages", "user_id": "U09FL7NTXCG", "parsed_data": {"opportunity_name": "ThreeSixty Group", "strategy": "Corporate Credit", "security_type": "Delay Draw Term Loan", "stage": "Initial Review", "close_date": "2026-02-10", "amount": 50000000, "company_name": "ThreeSixty Group", "source": "Houlihan Lokey Originator: Team: Consumer () Sponsor: AEA Investors Stage: Initial interest level given rescue capital Transaction Type: Incremental financing / rescue capital SF Entry: Transaction Overview: ThreeSixty, an AEA Investors portco, is currently seeking $35\u2013$50 million in junior secured delayed draw term loan (DDTL) financing, with approximately $20 million expected to be funded at closing to help bridge working capital and normalize vendor payments (some aged outstanding AP). This f", "sponsor": "AEA Investors Stage: Initial interest level given rescue capital Transaction Type: Incremental financing / rescue capital SF Entry: Transaction Overview: ThreeSixty, an AEA Investors portco, is currently seeking $35\u2013$50 million in junior secured delayed draw term loan (DDTL) financing, with approximately $20 million expected to be funded at closing to help bridge working capital and normalize vendor payments (some aged outstanding AP). This financing was formally launched in late December 2025 w", "transaction_type": "Incremental financing / rescue capital SF Entry: Transaction Overview: ThreeSixty, an AEA Investors portco, is currently seeking $35\u2013$50 million in junior secured delayed draw term loan (DDTL) financing, with approximately $20 million expected to be funded at closing to help bridge working capital and normalize vendor payments (some aged outstanding AP). This financing was formally launched in late December 2025 with a target closing date of February 10, 2026 but is slipping to later. AEA and cu", "confidence": 1.0}}
{"timestamp": "2026-01-29T21:33:05.507206", "level": "INFO", "logger": "elli", "message": "Created deal session for user U09FL7NTXCG", "taskName": null, "service": "messages", "user_id": "U09FL7NTXCG", "company": "ThreeSixty Group"}
{"timestamp": "2026-01-29T21:33:10.888436", "level": "INFO", "logger": "elli", "message": "Creating opportunity: ThreeSixty Group - New Deal", "taskName": null, "service": "salesforce", "user_id": "U09FL7NTXCG", "opp_data": {"Name": "ThreeSixty Group - New Deal", "Strategy__c": "Corporate Credit", "Security_Type__c": "Revolving Line of Credit", "StageName": "Initial Review", "CloseDate": "2026-02-10", "Amount": 50000000}}
{"timestamp": "2026-01-29T21:33:10.888711", "level": "INFO", "logger": "elli", "message": "Connected to Salesforce API via session ID", "taskName": null, "service": "salesforce", "mode": "real", "auth_method": "session_id"}
{"timestamp": "2026-01-29T21:33:11.228720", "level": "ERROR", "logger": "elli", "message": "Error: SalesforceExpiredSession: Expired session for https://eldridge.my.salesforce.com/services/data/v59.0/sobjects/Opportunity/. Response content: [{'message': 'Session expired or invalid', 'errorCode': 'INVALID_SESSION_ID'}]", "taskName": null, "error_type": "SalesforceExpiredSession", "error_message": "Expired session for https://eldridge.my.salesforce.com/services/data/v59.0/sobjects/Opportunity/. Response content: [{'message': 'Session expired or invalid', 'errorCode': 'INVALID_SESSION_ID'}]", "stack_trace": "Traceback (most recent call last):\n  File \"C:\\Users\\BoddifordJohn\\Downloads\\Experiment\\Elli\\services\\sf_client.py\", line 472, in create_opportunity\n    result = self.sf.Opportunity.create(data)\n  File \"C:\\Users\\BoddifordJohn\\AppData\\Local\\Packages\\PythonSoftwareFoundation.Python.3.13_qbz5n2kfra8p0\\LocalCache\\local-packages\\Python313\\site-packages\\simple_salesforce\\api.py\", line 1079, in create\n    result = self._call_salesforce(\n        method='POST',\n    ...<2 lines>...\n        headers=headers\n        )\n  File \"C:\\Users\\BoddifordJohn\\AppData\\Local\\Packages\\PythonSoftwareFoundation.Python.3.13_qbz5n2kfra8p0\\LocalCache\\local-packages\\Python313\\site-packages\\simple_salesforce\\api.py\", line 1279, in _call_salesforce\n    exception_handler(result,\n    ~~~~~~~~~~~~~~~~~^^^^^^^^\n                      self.name\n                      ^^^^^^^^^\n                      )\n                      ^\n  File \"C:\\Users\\BoddifordJohn\\AppData\\Local\\Packages\\PythonSoftwareFoundation.Python.3.13_qbz5n2kfra8p0\\LocalCache\\local-packages\\Python313\\site-packages\\simple_salesforce\\util.py\", line 89, in exception_handler\n    raise exc_cls(result.url, result.status_code, name, response_content)\nsimple_salesforce.exceptions.SalesforceExpiredSession: Expired session for https://eldridge.my.salesforce.com/services/data/v59.0/sobjects/Opportunity/. Response content: [{'message': 'Session expired or invalid', 'errorCode': 'INVALID_SESSION_ID'}]\n", "service": "salesforce", "method": "create_opportunity", "data": {"Name": "ThreeSixty Group - New Deal", "Strategy__c": "Corporate Credit", "Security_Type__c": "Revolving Line of Credit", "StageName": "Initial Review", "CloseDate": "2026-02-10", "Amount": 50000000}}
{"timestamp": "2026-01-29T21:33:11.351148", "level": "INFO", "logger": "elli", "message": "Deleted deal session for user U09FL7NTXCG", "taskName": null, "service": "messages", "user_id": "U09FL7NTXCG"}
{"timestamp": "2026-01-29T22:12:43.411941", "level": "INFO", "logger": "elli", "message": "Snowflake credentials not found, using mock mode", "taskName": null, "service": "ai", "mode": "mock"}
{"timestamp": "2026-01-29T22:12:43.412302", "level": "INFO", "logger": "elli", "message": "Snowflake credentials not found, using mock vector store", "taskName": null, "service": "vector_store", "mode": "mock"}
{"timestamp": "2026-01-29T22:12:43.412467", "level": "INFO", "logger": "elli", "message": "RAG service initialized (top_k=3)", "taskName": null, "top_k": 3}
{"timestamp": "2026-01-29T22:12:43.412618", "level": "INFO", "logger": "elli", "message": "Semantic memory initialized (interval=10)", "taskName": null, "service": "semantic_memory"}
{"timestamp": "2026-01-29T22:12:44.373769", "level": "INFO", "logger": "elli", "message": "Cortex Analyst initialized for agent DEAL_AGENT", "taskName": null, "service": "cortex_analyst", "mode": "real", "auth": "pat", "agent": "DEAL_AGENT", "database": "DEV_CURATE", "schema": "CORE"}
{"timestamp": "2026-01-29T22:12:49.258795", "level": "INFO", "logger": "elli", "message": "Starting OAuth flow - opening browser for authorization", "taskName": null, "service": "salesforce_oauth"}
{"timestamp": "2026-01-29T22:12:50.342162", "level": "ERROR", "logger": "elli", "message": "OAuth authorization failed: missing required code challenge", "taskName": null, "service": "salesforce_oauth"}
{"timestamp": "2026-01-29T22:12:50.342801", "level": "ERROR", "logger": "elli", "message": "OAuth flow failed or was cancelled", "taskName": null, "service": "salesforce", "auth_method": "oauth_flow"}
{"timestamp": "2026-01-29T22:12:50.343074", "level": "INFO", "logger": "elli", "message": "Snowflake credentials not found, using mock vector store", "taskName": null, "service": "vector_store", "mode": "mock"}
{"timestamp": "2026-01-29T22:12:50.343734", "level": "INFO", "logger": "elli", "message": "Elli is running!", "taskName": null}
{"timestamp": "2026-01-29T22:15:01.808778", "level": "INFO", "logger": "elli", "message": "Snowflake credentials not found, using mock mode", "taskName": null, "service": "ai", "mode": "mock"}
{"timestamp": "2026-01-29T22:15:01.809076", "level": "INFO", "logger": "elli", "message": "Snowflake credentials not found, using mock vector store", "taskName": null, "service": "vector_store", "mode": "mock"}
{"timestamp": "2026-01-29T22:15:01.809271", "level": "INFO", "logger": "elli", "message": "RAG service initialized (top_k=3)", "taskName": null, "top_k": 3}
{"timestamp": "2026-01-29T22:15:01.809407", "level": "INFO", "logger": "elli", "message": "Semantic memory initialized (interval=10)", "taskName": null, "service": "semantic_memory"}
{"timestamp": "2026-01-29T22:15:01.834520", "level": "INFO", "logger": "elli", "message": "Cortex Analyst initialized for agent DEAL_AGENT", "taskName": null, "service": "cortex_analyst", "mode": "real", "auth": "pat", "agent": "DEAL_AGENT", "database": "DEV_CURATE", "schema": "CORE"}
{"timestamp": "2026-01-29T22:15:02.229683", "level": "INFO", "logger": "elli", "message": "Starting OAuth flow with PKCE - opening browser for authorization", "taskName": null, "service": "salesforce_oauth"}
{"timestamp": "2026-01-29T22:15:08.879310", "level": "INFO", "logger": "elli", "message": "Saved refresh token to .env file", "taskName": null, "service": "salesforce_oauth"}
{"timestamp": "2026-01-29T22:15:08.880037", "level": "INFO", "logger": "elli", "message": "OAuth token exchange successful", "taskName": null, "service": "salesforce_oauth", "instance_url": "https://eldridge.my.salesforce.com"}
{"timestamp": "2026-01-29T22:15:08.881893", "level": "INFO", "logger": "elli", "message": "Connected to Salesforce API via OAuth Web Server Flow", "taskName": null, "service": "salesforce", "mode": "real", "auth_method": "oauth_flow", "instance_url": "https://eldridge.my.salesforce.com"}
{"timestamp": "2026-01-29T22:15:08.882124", "level": "INFO", "logger": "elli", "message": "Snowflake credentials not found, using mock vector store", "taskName": null, "service": "vector_store", "mode": "mock"}
{"timestamp": "2026-01-29T22:15:08.882459", "level": "INFO", "logger": "elli", "message": "Elli is running!", "taskName": null}
{"timestamp": "2026-01-29T22:15:36.611376", "level": "INFO", "logger": "elli", "message": "Parsed deal message", "taskName": null, "service": "deal_parser", "opportunity_name": "ThreeSixty Group", "strategy": "Corporate Credit", "security_type": "Delay Draw Term Loan", "stage": "Initial Review", "confidence": 1.0, "fields_found": 5}
{"timestamp": "2026-01-29T22:15:36.612046", "level": "INFO", "logger": "elli", "message": "Parsed deal from thread reply", "taskName": null, "service": "messages", "user_id": "U09FL7NTXCG", "parsed_data": {"opportunity_name": "ThreeSixty Group", "strategy": "Corporate Credit", "security_type": "Delay Draw Term Loan", "stage": "Initial Review", "close_date": "2026-02-10", "amount": 50000000, "company_name": "ThreeSixty Group", "source": "Houlihan Lokey Originator: Team: Consumer () Sponsor: AEA Investors Stage: Initial interest level given rescue capital Transaction Type: Incremental financing / rescue capital SF Entry: Transaction Overview: ThreeSixty, an AEA Investors portco, is currently seeking $35\u2013$50 million in junior secured delayed draw term loan (DDTL) financing, with approximately $20 million expected to be funded at closing to help bridge working capital and normalize vendor payments (some aged outstanding AP). This f", "sponsor": "AEA Investors Stage: Initial interest level given rescue capital Transaction Type: Incremental financing / rescue capital SF Entry: Transaction Overview: ThreeSixty, an AEA Investors portco, is currently seeking $35\u2013$50 million in junior secured delayed draw term loan (DDTL) financing, with approximately $20 million expected to be funded at closing to help bridge working capital and normalize vendor payments (some aged outstanding AP). This financing was formally launched in late December 2025 w", "transaction_type": "Incremental financing / rescue capital SF Entry: Transaction Overview: ThreeSixty, an AEA Investors portco, is currently seeking $35\u2013$50 million in junior secured delayed draw term loan (DDTL) financing, with approximately $20 million expected to be funded at closing to help bridge working capital and normalize vendor payments (some aged outstanding AP). This financing was formally launched in late December 2025 with a target closing date of February 10, 2026 but is slipping to later. AEA and cu", "confidence": 1.0}}
{"timestamp": "2026-01-29T22:15:36.612388", "level": "INFO", "logger": "elli", "message": "Created deal session for user U09FL7NTXCG", "taskName": null, "service": "messages", "user_id": "U09FL7NTXCG", "company": "ThreeSixty Group"}
{"timestamp": "2026-01-29T22:15:53.061358", "level": "INFO", "logger": "elli", "message": "Creating opportunity: ThreeSixty Group - New Deal", "taskName": null, "service": "salesforce", "user_id": "U09FL7NTXCG", "opp_data": {"Name": "ThreeSixty Group - New Deal", "Strategy__c": "Corporate Credit", "Security_Type__c": "Term Loan", "StageName": "Initial Review", "CloseDate": "2026-02-10", "Amount": 50000000}}
{"timestamp": "2026-01-29T22:15:53.061673", "level": "INFO", "logger": "elli", "message": "Starting OAuth flow with PKCE - opening browser for authorization", "taskName": null, "service": "salesforce_oauth"}
{"timestamp": "2026-01-29T22:15:54.642076", "level": "INFO", "logger": "elli", "message": "Saved refresh token to .env file", "taskName": null, "service": "salesforce_oauth"}
{"timestamp": "2026-01-29T22:15:54.642651", "level": "INFO", "logger": "elli", "message": "OAuth token exchange successful", "taskName": null, "service": "salesforce_oauth", "instance_url": "https://eldridge.my.salesforce.com"}
{"timestamp": "2026-01-29T22:15:54.644285", "level": "INFO", "logger": "elli", "message": "Connected to Salesforce API via OAuth Web Server Flow", "taskName": null, "service": "salesforce", "mode": "real", "auth_method": "oauth_flow", "instance_url": "https://eldridge.my.salesforce.com"}
{"timestamp": "2026-01-29T22:15:55.891270", "level": "ERROR", "logger": "elli", "message": "Error: SalesforceMalformedRequest: Malformed request https://eldridge.my.salesforce.com/services/data/v59.0/sobjects/Opportunity/. Response content: [{'message': 'Deal Source Account must be populated', 'errorCode': 'FIELD_CUSTOM_VALIDATION_EXCEPTION', 'fields': ['Deal_Source_Account__c']}, {'message': 'Primary Sponsor must be populated', 'errorCode': 'FIELD_CUSTOM_VALIDATION_EXCEPTION', 'fields': ['Primary_Sponsor__c']}]", "taskName": null, "error_type": "SalesforceMalformedRequest", "error_message": "Malformed request https://eldridge.my.salesforce.com/services/data/v59.0/sobjects/Opportunity/. Response content: [{'message': 'Deal Source Account must be populated', 'errorCode': 'FIELD_CUSTOM_VALIDATION_EXCEPTION', 'fields': ['Deal_Source_Account__c']}, {'message': 'Primary Sponsor must be populated', 'errorCode': 'FIELD_CUSTOM_VALIDATION_EXCEPTION', 'fields': ['Primary_Sponsor__c']}]", "stack_trace": "Traceback (most recent call last):\n  File \"C:\\Users\\BoddifordJohn\\Downloads\\Experiment\\Elli\\services\\sf_client.py\", line 611, in create_opportunity\n    result = self.sf.Opportunity.create(data)\n  File \"C:\\Users\\BoddifordJohn\\AppData\\Local\\Packages\\PythonSoftwareFoundation.Python.3.13_qbz5n2kfra8p0\\LocalCache\\local-packages\\Python313\\site-packages\\simple_salesforce\\api.py\", line 1079, in create\n    result = self._call_salesforce(\n        method='POST',\n    ...<2 lines>...\n        headers=headers\n        )\n  File \"C:\\Users\\BoddifordJohn\\AppData\\Local\\Packages\\PythonSoftwareFoundation.Python.3.13_qbz5n2kfra8p0\\LocalCache\\local-packages\\Python313\\site-packages\\simple_salesforce\\api.py\", line 1279, in _call_salesforce\n    exception_handler(result,\n    ~~~~~~~~~~~~~~~~~^^^^^^^^\n                      self.name\n                      ^^^^^^^^^\n                      )\n                      ^\n  File \"C:\\Users\\BoddifordJohn\\AppData\\Local\\Packages\\PythonSoftwareFoundation.Python.3.13_qbz5n2kfra8p0\\LocalCache\\local-packages\\Python313\\site-packages\\simple_salesforce\\util.py\", line 89, in exception_handler\n    raise exc_cls(result.url, result.status_code, name, response_content)\nsimple_salesforce.exceptions.SalesforceMalformedRequest: Malformed request https://eldridge.my.salesforce.com/services/data/v59.0/sobjects/Opportunity/. Response content: [{'message': 'Deal Source Account must be populated', 'errorCode': 'FIELD_CUSTOM_VALIDATION_EXCEPTION', 'fields': ['Deal_Source_Account__c']}, {'message': 'Primary Sponsor must be populated', 'errorCode': 'FIELD_CUSTOM_VALIDATION_EXCEPTION', 'fields': ['Primary_Sponsor__c']}]\n", "service": "salesforce", "method": "create_opportunity", "data": {"Name": "ThreeSixty Group - New Deal", "Strategy__c": "Corporate Credit", "Security_Type__c": "Term Loan", "StageName": "Initial Review", "CloseDate": "2026-02-10", "Amount": 50000000}}
{"timestamp": "2026-01-29T22:15:56.006002", "level": "INFO", "logger": "elli", "message": "Deleted deal session for user U09FL7NTXCG", "taskName": null, "service": "messages", "user_id": "U09FL7NTXCG"}
{"timestamp": "2026-01-30T14:03:23.166218", "level": "INFO", "logger": "elli", "message": "Snowflake credentials not found, using mock mode", "taskName": null, "service": "ai", "mode": "mock"}
{"timestamp": "2026-01-30T14:03:23.166503", "level": "INFO", "logger": "elli", "message": "Snowflake credentials not found, using mock vector store", "taskName": null, "service": "vector_store", "mode": "mock"}
{"timestamp": "2026-01-30T14:03:23.166605", "level": "INFO", "logger": "elli", "message": "RAG service initialized (top_k=3)", "taskName": null, "top_k": 3}
{"timestamp": "2026-01-30T14:03:23.166734", "level": "INFO", "logger": "elli", "message": "Semantic memory initialized (interval=10)", "taskName": null, "service": "semantic_memory"}
{"timestamp": "2026-01-30T14:03:24.022510", "level": "INFO", "logger": "elli", "message": "Cortex Analyst initialized for agent DEAL_AGENT", "taskName": null, "service": "cortex_analyst", "mode": "real", "auth": "pat", "agent": "DEAL_AGENT", "database": "DEV_CURATE", "schema": "CORE"}
{"timestamp": "2026-01-30T14:03:29.800859", "level": "INFO", "logger": "elli", "message": "Access token refreshed successfully", "taskName": null, "service": "salesforce_oauth", "instance_url": "https://eldridge.my.salesforce.com"}
{"timestamp": "2026-01-30T14:03:29.802861", "level": "INFO", "logger": "elli", "message": "Connected to Salesforce API via OAuth refresh token", "taskName": null, "service": "salesforce", "mode": "real", "auth_method": "oauth_refresh", "instance_url": "https://eldridge.my.salesforce.com"}
{"timestamp": "2026-01-30T14:03:29.803187", "level": "INFO", "logger": "elli", "message": "Snowflake credentials not found, using mock vector store", "taskName": null, "service": "vector_store", "mode": "mock"}
{"timestamp": "2026-01-30T14:03:29.803947", "level": "INFO", "logger": "elli", "message": "Elli is running!", "taskName": null}
{"timestamp": "2026-01-30T15:34:55.323181", "level": "INFO", "logger": "elli", "message": "Snowflake credentials not found, using mock mode", "taskName": null, "service": "ai", "mode": "mock"}
{"timestamp": "2026-01-30T15:34:55.323418", "level": "INFO", "logger": "elli", "message": "Snowflake credentials not found, using mock vector store", "taskName": null, "service": "vector_store", "mode": "mock"}
{"timestamp": "2026-01-30T15:34:55.323561", "level": "INFO", "logger": "elli", "message": "RAG service initialized (top_k=3)", "taskName": null, "top_k": 3}
{"timestamp": "2026-01-30T15:34:55.323727", "level": "INFO", "logger": "elli", "message": "Semantic memory initialized (interval=10)", "taskName": null, "service": "semantic_memory"}
{"timestamp": "2026-01-30T15:34:56.258323", "level": "INFO", "logger": "elli", "message": "Cortex Analyst initialized for agent DEAL_AGENT", "taskName": null, "service": "cortex_analyst", "mode": "real", "auth": "pat", "agent": "DEAL_AGENT", "database": "DEV_CURATE", "schema": "CORE"}
{"timestamp": "2026-01-30T15:35:01.503624", "level": "INFO", "logger": "elli", "message": "Access token refreshed successfully", "taskName": null, "service": "salesforce_oauth", "instance_url": "https://eldridge.my.salesforce.com"}
{"timestamp": "2026-01-30T15:35:01.505711", "level": "INFO", "logger": "elli", "message": "Connected to Salesforce API via OAuth refresh token", "taskName": null, "service": "salesforce", "mode": "real", "auth_method": "oauth_refresh", "instance_url": "https://eldridge.my.salesforce.com"}
{"timestamp": "2026-01-30T15:35:01.505861", "level": "INFO", "logger": "elli", "message": "Snowflake credentials not found, using mock vector store", "taskName": null, "service": "vector_store", "mode": "mock"}
{"timestamp": "2026-01-30T15:35:01.506423", "level": "INFO", "logger": "elli", "message": "Elli is running!", "taskName": null}
{"timestamp": "2026-01-30T15:35:17.851120", "level": "INFO", "logger": "elli", "message": "Parsed deal message", "taskName": null, "service": "deal_parser", "opportunity_name": "ThreeSixty Group", "strategy": "Corporate Credit", "security_type": "Delay Draw Term Loan", "stage": "Initial Review", "confidence": 1.0, "fields_found": 5}
{"timestamp": "2026-01-30T15:35:17.851333", "level": "INFO", "logger": "elli", "message": "Parsed deal from thread reply", "taskName": null, "service": "messages", "user_id": "U09FL7NTXCG", "parsed_data": {"opportunity_name": "ThreeSixty Group", "strategy": "Corporate Credit", "security_type": "Delay Draw Term Loan", "stage": "Initial Review", "close_date": "2026-02-10", "amount": 50000000, "company_name": "ThreeSixty Group", "source": "Houlihan Lokey Originator: Team: Consumer () Sponsor: AEA Investors Stage: Initial interest level gi", "sponsor": "AEA Investors Stage: Initial interest level given rescue capital Transaction Type: Incremental finan", "transaction_type": "Incremental financing / rescue capital SF Entry: Transaction Overview: ThreeSixty, an AEA Investors portco, is currently seeking $35\u2013$50 million in junior secured delayed draw term loan (DDTL) financing, with approximately $20 million expected to be funded at closing to help bridge working capital and normalize vendor payments (some aged outstanding AP). This financing was formally launched in late December 2025 with a target closing date of February 10, 2026 but is slipping to later. AEA and cu", "confidence": 1.0}}
{"timestamp": "2026-01-30T15:35:17.851491", "level": "INFO", "logger": "elli", "message": "Created deal session for user U09FL7NTXCG", "taskName": null, "service": "messages", "user_id": "U09FL7NTXCG", "company": "ThreeSixty Group"}
{"timestamp": "2026-01-30T15:35:31.057935", "level": "INFO", "logger": "elli", "message": "Access token refreshed successfully", "taskName": null, "service": "salesforce_oauth", "instance_url": "https://eldridge.my.salesforce.com"}
{"timestamp": "2026-01-30T15:35:31.059520", "level": "INFO", "logger": "elli", "message": "Connected to Salesforce API via OAuth refresh token", "taskName": null, "service": "salesforce", "mode": "real", "auth_method": "oauth_refresh", "instance_url": "https://eldridge.my.salesforce.com"}
{"timestamp": "2026-01-30T15:35:31.584558", "level": "INFO", "logger": "elli", "message": "API call succeeded: salesforce.search_accounts (525ms)", "taskName": null, "service": "salesforce", "method": "search_accounts", "duration_ms": 524.6, "success": true, "error": null, "company_name": "Houlihan Lokey Originator: Team: Consumer () Sponsor: AEA Investors Stage: Initial interest level gi", "results_count": 0}
{"timestamp": "2026-01-30T15:35:31.824539", "level": "INFO", "logger": "elli", "message": "API call succeeded: salesforce.search_accounts (240ms)", "taskName": null, "service": "salesforce", "method": "search_accounts", "duration_ms": 239.54, "success": true, "error": null, "company_name": "AEA Investors Stage: Initial interest level given rescue capital Transaction Type: Incremental finan", "results_count": 0}
{"timestamp": "2026-01-30T15:35:31.824773", "level": "INFO", "logger": "elli", "message": "Creating opportunity: ThreeSixty Group - New Deal", "taskName": null, "service": "salesforce", "user_id": "U09FL7NTXCG", "opp_data": {"Name": "ThreeSixty Group - New Deal", "Strategy__c": "Corporate Credit", "Security_Type__c": "Term Loan", "StageName": "Initial Review", "CloseDate": "2026-02-10", "Amount": 50000000}, "deal_source_found": null, "sponsor_found": null}
{"timestamp": "2026-01-30T15:35:33.070724", "level": "ERROR", "logger": "elli", "message": "Error: SalesforceMalformedRequest: Malformed request https://eldridge.my.salesforce.com/services/data/v59.0/sobjects/Opportunity/. Response content: [{'message': 'Deal Source Account must be populated', 'errorCode': 'FIELD_CUSTOM_VALIDATION_EXCEPTION', 'fields': ['Deal_Source_Account__c']}, {'message': 'Primary Sponsor must be populated', 'errorCode': 'FIELD_CUSTOM_VALIDATION_EXCEPTION', 'fields': ['Primary_Sponsor__c']}]", "taskName": null, "error_type": "SalesforceMalformedRequest", "error_message": "Malformed request https://eldridge.my.salesforce.com/services/data/v59.0/sobjects/Opportunity/. Response content: [{'message': 'Deal Source Account must be populated', 'errorCode': 'FIELD_CUSTOM_VALIDATION_EXCEPTION', 'fields': ['Deal_Source_Account__c']}, {'message': 'Primary Sponsor must be populated', 'errorCode': 'FIELD_CUSTOM_VALIDATION_EXCEPTION', 'fields': ['Primary_Sponsor__c']}]", "stack_trace": "Traceback (most recent call last):\n  File \"C:\\Users\\BoddifordJohn\\Downloads\\Experiment\\Elli\\services\\sf_client.py\", line 611, in create_opportunity\n    result = self.sf.Opportunity.create(data)\n  File \"C:\\Users\\BoddifordJohn\\AppData\\Local\\Packages\\PythonSoftwareFoundation.Python.3.13_qbz5n2kfra8p0\\LocalCache\\local-packages\\Python313\\site-packages\\simple_salesforce\\api.py\", line 1079, in create\n    result = self._call_salesforce(\n        method='POST',\n    ...<2 lines>...\n        headers=headers\n        )\n  File \"C:\\Users\\BoddifordJohn\\AppData\\Local\\Packages\\PythonSoftwareFoundation.Python.3.13_qbz5n2kfra8p0\\LocalCache\\local-packages\\Python313\\site-packages\\simple_salesforce\\api.py\", line 1279, in _call_salesforce\n    exception_handler(result,\n    ~~~~~~~~~~~~~~~~~^^^^^^^^\n                      self.name\n                      ^^^^^^^^^\n                      )\n                      ^\n  File \"C:\\Users\\BoddifordJohn\\AppData\\Local\\Packages\\PythonSoftwareFoundation.Python.3.13_qbz5n2kfra8p0\\LocalCache\\local-packages\\Python313\\site-packages\\simple_salesforce\\util.py\", line 89, in exception_handler\n    raise exc_cls(result.url, result.status_code, name, response_content)\nsimple_salesforce.exceptions.SalesforceMalformedRequest: Malformed request https://eldridge.my.salesforce.com/services/data/v59.0/sobjects/Opportunity/. Response content: [{'message': 'Deal Source Account must be populated', 'errorCode': 'FIELD_CUSTOM_VALIDATION_EXCEPTION', 'fields': ['Deal_Source_Account__c']}, {'message': 'Primary Sponsor must be populated', 'errorCode': 'FIELD_CUSTOM_VALIDATION_EXCEPTION', 'fields': ['Primary_Sponsor__c']}]\n", "service": "salesforce", "method": "create_opportunity", "data": {"Name": "ThreeSixty Group - New Deal", "Strategy__c": "Corporate Credit", "Security_Type__c": "Term Loan", "StageName": "Initial Review", "CloseDate": "2026-02-10", "Amount": 50000000}}
{"timestamp": "2026-01-30T15:35:33.202356", "level": "INFO", "logger": "elli", "message": "Deleted deal session for user U09FL7NTXCG", "taskName": null, "service": "messages", "user_id": "U09FL7NTXCG"}
{"timestamp": "2026-01-30T15:44:08.836584", "level": "INFO", "logger": "elli", "message": "Snowflake credentials not found, using mock mode", "taskName": null, "service": "ai", "mode": "mock"}
{"timestamp": "2026-01-30T15:44:08.836863", "level": "INFO", "logger": "elli", "message": "Snowflake credentials not found, using mock vector store", "taskName": null, "service": "vector_store", "mode": "mock"}
{"timestamp": "2026-01-30T15:44:08.837007", "level": "INFO", "logger": "elli", "message": "RAG service initialized (top_k=3)", "taskName": null, "top_k": 3}
{"timestamp": "2026-01-30T15:44:08.837126", "level": "INFO", "logger": "elli", "message": "Semantic memory initialized (interval=10)", "taskName": null, "service": "semantic_memory"}
{"timestamp": "2026-01-30T15:44:08.865418", "level": "INFO", "logger": "elli", "message": "Cortex Analyst initialized for agent DEAL_AGENT", "taskName": null, "service": "cortex_analyst", "mode": "real", "auth": "pat", "agent": "DEAL_AGENT", "database": "DEV_CURATE", "schema": "CORE"}
{"timestamp": "2026-01-30T15:44:09.686481", "level": "INFO", "logger": "elli", "message": "Access token refreshed successfully", "taskName": null, "service": "salesforce_oauth", "instance_url": "https://eldridge.my.salesforce.com"}
{"timestamp": "2026-01-30T15:44:09.687689", "level": "INFO", "logger": "elli", "message": "Connected to Salesforce API via OAuth refresh token", "taskName": null, "service": "salesforce", "mode": "real", "auth_method": "oauth_refresh", "instance_url": "https://eldridge.my.salesforce.com"}
{"timestamp": "2026-01-30T15:44:09.687873", "level": "INFO", "logger": "elli", "message": "Snowflake credentials not found, using mock vector store", "taskName": null, "service": "vector_store", "mode": "mock"}
{"timestamp": "2026-01-30T15:44:09.688131", "level": "INFO", "logger": "elli", "message": "Elli is running!", "taskName": null}
{"timestamp": "2026-01-30T15:44:35.058273", "level": "INFO", "logger": "elli", "message": "Parsed deal message", "taskName": null, "service": "deal_parser", "opportunity_name": "ThreeSixty Group", "strategy": "Corporate Credit", "security_type": "Delay Draw Term Loan", "stage": "Initial Review", "confidence": 1.0, "fields_found": 5}
{"timestamp": "2026-01-30T15:44:35.058553", "level": "INFO", "logger": "elli", "message": "Parsed deal from thread reply", "taskName": null, "service": "messages", "user_id": "U09FL7NTXCG", "parsed_data": {"opportunity_name": "ThreeSixty Group", "strategy": "Corporate Credit", "security_type": "Delay Draw Term Loan", "stage": "Initial Review", "close_date": "2026-02-10", "amount": 50000000, "company_name": "ThreeSixty Group", "source": "Houlihan Lokey", "sponsor": "AEA", "transaction_type": "Incremental financing / rescue capital SF Entry: Transaction Overview: ThreeSixty, an AEA Investors portco, is currently seeking $35\u2013$50 million in junior secured delayed draw term loan (DDTL) financing, with approximately $20 million expected to be funded at closing to help bridge working capital and normalize vendor payments (some aged outstanding AP). This financing was formally launched in late December 2025 with a target closing date of February 10, 2026 but is slipping to later. AEA and cu", "confidence": 1.0}}
{"timestamp": "2026-01-30T15:44:35.058769", "level": "INFO", "logger": "elli", "message": "Created deal session for user U09FL7NTXCG", "taskName": null, "service": "messages", "user_id": "U09FL7NTXCG", "company": "ThreeSixty Group"}
{"timestamp": "2026-01-30T15:45:01.827092", "level": "INFO", "logger": "elli", "message": "Access token refreshed successfully", "taskName": null, "service": "salesforce_oauth", "instance_url": "https://eldridge.my.salesforce.com"}
{"timestamp": "2026-01-30T15:45:01.829405", "level": "INFO", "logger": "elli", "message": "Connected to Salesforce API via OAuth refresh token", "taskName": null, "service": "salesforce", "mode": "real", "auth_method": "oauth_refresh", "instance_url": "https://eldridge.my.salesforce.com"}
{"timestamp": "2026-01-30T15:45:02.316119", "level": "INFO", "logger": "elli", "message": "API call succeeded: salesforce.search_accounts (486ms)", "taskName": null, "service": "salesforce", "method": "search_accounts", "duration_ms": 486.19, "success": true, "error": null, "company_name": "Houlihan Lokey", "results_count": 1}
{"timestamp": "2026-01-30T15:45:02.517303", "level": "INFO", "logger": "elli", "message": "API call succeeded: salesforce.search_accounts (201ms)", "taskName": null, "service": "salesforce", "method": "search_accounts", "duration_ms": 200.59, "success": true, "error": null, "company_name": "AEA", "results_count": 4}
{"timestamp": "2026-01-30T15:45:02.517775", "level": "INFO", "logger": "elli", "message": "Creating opportunity: ThreeSixty Group - New Deal", "taskName": null, "service": "salesforce", "user_id": "U09FL7NTXCG", "opp_data": {"Name": "ThreeSixty Group - New Deal", "Strategy__c": "Corporate Credit", "Security_Type__c": "Term Loan", "StageName": "Initial Review", "CloseDate": "2026-02-10", "Amount": 50000000, "Deal_Source_Account__c": "001VR000007ghnxYAA", "Primary_Sponsor__c": "001VR000007gjWHYAY"}, "deal_source_found": "Houlihan Lokey", "sponsor_found": "AEA Investors LLC"}
{"timestamp": "2026-01-30T15:45:10.436903", "level": "INFO", "logger": "elli", "message": "Workflow succeeded: salesforce_create.create_opportunity", "taskName": null, "workflow_type": "salesforce_create", "user_id": "system", "action": "create_opportunity", "success": true, "duration_ms": 7918.46, "opp_id": "006VR00000Rwe5ZYAR", "opp_name": "ThreeSixty Group - New Deal", "amount": 50000000, "stage": "Initial Review", "close_date": "2026-02-10"}
{"timestamp": "2026-01-30T15:45:10.437404", "level": "INFO", "logger": "elli", "message": "API call succeeded: salesforce.create_opportunity (7918ms)", "taskName": null, "service": "salesforce", "method": "create_opportunity", "duration_ms": 7918.46, "success": true, "error": null, "opp_id": "006VR00000Rwe5ZYAR", "opp_name": "ThreeSixty Group - New Deal"}
{"timestamp": "2026-01-30T15:45:10.564550", "level": "INFO", "logger": "elli", "message": "Deleted deal session for user U09FL7NTXCG", "taskName": null, "service": "messages", "user_id": "U09FL7NTXCG"}
{"timestamp": "2026-01-30T15:49:55.767156", "level": "INFO", "logger": "elli", "message": "Parsed deal message", "taskName": null, "service": "deal_parser", "opportunity_name": "ThreeSixty Group", "strategy": "Corporate Credit", "security_type": "Delay Draw Term Loan", "stage": "Initial Review", "confidence": 1.0, "fields_found": 5}
{"timestamp": "2026-01-30T15:49:55.767545", "level": "INFO", "logger": "elli", "message": "Parsed deal from thread reply", "taskName": null, "service": "messages", "user_id": "U08PH3H775K", "parsed_data": {"opportunity_name": "ThreeSixty Group", "strategy": "Corporate Credit", "security_type": "Delay Draw Term Loan", "stage": "Initial Review", "close_date": "2026-02-10", "amount": 50000000, "company_name": "ThreeSixty Group", "source": "Houlihan Lokey", "sponsor": "AEA", "transaction_type": "Incremental financing / rescue capital SF Entry: Transaction Overview: ThreeSixty, an AEA Investors portco, is currently seeking $35\u2013$50 million in junior secured delayed draw term loan (DDTL) financing, with approximately $20 million expected to be funded at closing to help bridge working capital and normalize vendor payments (some aged outstanding AP). This financing was formally launched in late December 2025 with a target closing date of February 10, 2026 but is slipping to later. AEA and cu", "confidence": 1.0}}
{"timestamp": "2026-01-30T15:49:55.767847", "level": "INFO", "logger": "elli", "message": "Created deal session for user U08PH3H775K", "taskName": null, "service": "messages", "user_id": "U08PH3H775K", "company": "ThreeSixty Group"}
{"timestamp": "2026-01-30T16:01:35.326492", "level": "INFO", "logger": "elli", "message": "Deal Agent query from user U09FL7NTXCG: what are the sponsors that we have acquisition dates in December 2025?", "taskName": null, "service": "commands", "user_id": "U09FL7NTXCG", "command": "ask-deal-agent"}
{"timestamp": "2026-01-30T16:01:53.048574", "level": "INFO", "logger": "elli", "message": "SSE parsing complete: 139 events, 33 text parts", "taskName": null, "service": "cortex_analyst", "request_id": "unknown"}
{"timestamp": "2026-01-30T16:01:53.048967", "level": "INFO", "logger": "elli", "message": "API call succeeded: cortex_analyst.query (977ms)", "taskName": null, "service": "cortex_analyst", "method": "query", "duration_ms": 976.81, "success": true, "error": null, "request_id": "unknown", "has_sql": false, "model": null, "agent": "DEAL_AGENT"}
{"timestamp": "2026-01-30T16:01:53.050419", "level": "INFO", "logger": "elli", "message": "Query succeeded: what are the sponsors that we have acquisition dates in December 2025?...", "taskName": null, "user_id": "U09FL7NTXCG", "query_type": "cortex_analyst", "duration_ms": 17723.26374053955, "success": true}
{"timestamp": "2026-02-02T13:15:56.012190", "level": "INFO", "logger": "elli", "message": "Snowflake credentials not found, using mock mode", "taskName": null, "service": "ai", "mode": "mock"}
{"timestamp": "2026-02-02T13:15:56.013047", "level": "INFO", "logger": "elli", "message": "Snowflake credentials not found, using mock vector store", "taskName": null, "service": "vector_store", "mode": "mock"}
{"timestamp": "2026-02-02T13:15:56.013402", "level": "INFO", "logger": "elli", "message": "RAG service initialized (top_k=3)", "taskName": null, "top_k": 3}
{"timestamp": "2026-02-02T13:15:56.013704", "level": "INFO", "logger": "elli", "message": "Semantic memory initialized (interval=10)", "taskName": null, "service": "semantic_memory"}
{"timestamp": "2026-02-02T13:15:57.871374", "level": "INFO", "logger": "elli", "message": "Cortex Analyst initialized for agent DEAL_AGENT", "taskName": null, "service": "cortex_analyst", "mode": "real", "auth": "pat", "agent": "DEAL_AGENT", "database": "DEV_CURATE", "schema": "CORE"}
{"timestamp": "2026-02-02T13:16:09.471720", "level": "INFO", "logger": "elli", "message": "Access token refreshed successfully", "taskName": null, "service": "salesforce_oauth", "instance_url": "https://eldridge.my.salesforce.com"}
{"timestamp": "2026-02-02T13:16:09.476463", "level": "INFO", "logger": "elli", "message": "Connected to Salesforce API via OAuth refresh token", "taskName": null, "service": "salesforce", "mode": "real", "auth_method": "oauth_refresh", "instance_url": "https://eldridge.my.salesforce.com"}
{"timestamp": "2026-02-02T13:16:09.477314", "level": "INFO", "logger": "elli", "message": "Snowflake credentials not found, using mock vector store", "taskName": null, "service": "vector_store", "mode": "mock"}
{"timestamp": "2026-02-02T13:16:09.478370", "level": "INFO", "logger": "elli", "message": "Elli is running!", "taskName": null}
{"timestamp": "2026-02-02T13:16:36.113444", "level": "INFO", "logger": "elli", "message": "Company lookup requested: Metropolis", "taskName": null, "service": "commands", "user_id": "U09FL7NTXCG", "company": "Metropolis"}
{"timestamp": "2026-02-02T13:16:36.114623", "level": "INFO", "logger": "elli", "message": "Aggregating context for company: Metropolis", "taskName": null, "service": "company_aggregator", "company": "Metropolis"}
{"timestamp": "2026-02-02T13:16:37.390804", "level": "INFO", "logger": "elli", "message": "API call succeeded: salesforce.search_accounts (1275ms)", "taskName": null, "service": "salesforce", "method": "search_accounts", "duration_ms": 1274.82, "success": true, "error": null, "company_name": "Metropolis", "results_count": 3}
{"timestamp": "2026-02-02T13:16:37.591233", "level": "INFO", "logger": "elli", "message": "API call succeeded: salesforce.search_opportunities (199ms)", "taskName": null, "service": "salesforce", "method": "search_opportunities", "duration_ms": 199.08, "success": true, "error": null, "company_name": "Metropolis", "results_count": 5}
{"timestamp": "2026-02-02T13:16:37.774195", "level": "INFO", "logger": "elli", "message": "API call succeeded: salesforce.search_contacts (181ms)", "taskName": null, "service": "salesforce", "method": "search_contacts", "duration_ms": 181.39, "success": true, "error": null, "company_name": "Metropolis", "account_id": null, "results_count": 10}
{"timestamp": "2026-02-02T13:16:37.775144", "level": "INFO", "logger": "elli", "message": "Context aggregation complete for Metropolis", "taskName": null, "service": "company_aggregator", "company": "Metropolis", "has_account": true, "opportunity_count": 5, "contact_count": 10, "kb_results": 0}
{"timestamp": "2026-02-02T13:16:52.364157", "level": "INFO", "logger": "elli", "message": "Company lookup requested: draftkings", "taskName": null, "service": "commands", "user_id": "U09FL7NTXCG", "company": "draftkings"}
{"timestamp": "2026-02-02T13:16:52.365006", "level": "INFO", "logger": "elli", "message": "Aggregating context for company: draftkings", "taskName": null, "service": "company_aggregator", "company": "draftkings"}
{"timestamp": "2026-02-02T13:16:52.598674", "level": "INFO", "logger": "elli", "message": "API call succeeded: salesforce.search_accounts (232ms)", "taskName": null, "service": "salesforce", "method": "search_accounts", "duration_ms": 232.41, "success": true, "error": null, "company_name": "draftkings", "results_count": 2}
{"timestamp": "2026-02-02T13:16:52.779164", "level": "INFO", "logger": "elli", "message": "API call succeeded: salesforce.search_opportunities (179ms)", "taskName": null, "service": "salesforce", "method": "search_opportunities", "duration_ms": 179.35, "success": true, "error": null, "company_name": "draftkings", "results_count": 1}
{"timestamp": "2026-02-02T13:16:52.957397", "level": "INFO", "logger": "elli", "message": "API call succeeded: salesforce.search_contacts (177ms)", "taskName": null, "service": "salesforce", "method": "search_contacts", "duration_ms": 176.89, "success": true, "error": null, "company_name": "draftkings", "account_id": null, "results_count": 6}
{"timestamp": "2026-02-02T13:16:52.958372", "level": "INFO", "logger": "elli", "message": "Context aggregation complete for draftkings", "taskName": null, "service": "company_aggregator", "company": "draftkings", "has_account": true, "opportunity_count": 1, "contact_count": 6, "kb_results": 0}
{"timestamp": "2026-02-02T13:25:06.269377", "level": "INFO", "logger": "elli", "message": "Snowflake credentials incomplete (missing: SNOWFLAKE_USER, SNOWFLAKE_ACCOUNT, SNOWFLAKE_WAREHOUSE, SNOWFLAKE_PRIVATE_KEY_PATH or SNOWFLAKE_PASSWORD), using mock mode", "taskName": null, "service": "ai", "mode": "mock"}
{"timestamp": "2026-02-02T13:26:33.873231", "level": "INFO", "logger": "elli", "message": "Using key-pair authentication for Snowflake", "taskName": null, "service": "ai"}
{"timestamp": "2026-02-02T13:26:39.411531", "level": "ERROR", "logger": "elli", "message": "Could not connect to Snowflake: 290404 (08001): 404 Not Found: post ELDRIDGE-ECM.azure_eastus2.snowflakecomputing.com:443/session/v1/login-request", "taskName": null, "service": "ai", "error": "290404 (08001): 404 Not Found: post ELDRIDGE-ECM.azure_eastus2.snowflakecomputing.com:443/session/v1/login-request"}
{"timestamp": "2026-02-02T13:26:39.417537", "level": "ERROR", "logger": "elli", "message": "Error: HttpError: 290404 (08001): 404 Not Found: post ELDRIDGE-ECM.azure_eastus2.snowflakecomputing.com:443/session/v1/login-request", "taskName": null, "error_type": "HttpError", "error_message": "290404 (08001): 404 Not Found: post ELDRIDGE-ECM.azure_eastus2.snowflakecomputing.com:443/session/v1/login-request", "stack_trace": "Traceback (most recent call last):\n  File \"C:\\Users\\BoddifordJohn\\Downloads\\Experiment\\Elli\\services\\ai_service.py\", line 111, in __init__\n    self.connection = snowflake.connector.connect(**conn_params)\n                      ~~~~~~~~~~~~~~~~~~~~~~~~~~~^^^^^^^^^^^^^^^\n  File \"C:\\Users\\BoddifordJohn\\AppData\\Local\\Packages\\PythonSoftwareFoundation.Python.3.13_qbz5n2kfra8p0\\LocalCache\\local-packages\\Python313\\site-packages\\snowflake\\connector\\__init__.py\", line 76, in Connect\n    return SnowflakeConnection(**kwargs)\n  File \"C:\\Users\\BoddifordJohn\\AppData\\Local\\Packages\\PythonSoftwareFoundation.Python.3.13_qbz5n2kfra8p0\\LocalCache\\local-packages\\Python313\\site-packages\\snowflake\\connector\\connection.py\", line 679, in __init__\n    self.connect(**kwargs)\n    ~~~~~~~~~~~~^^^^^^^^^^\n  File \"C:\\Users\\BoddifordJohn\\AppData\\Local\\Packages\\PythonSoftwareFoundation.Python.3.13_qbz5n2kfra8p0\\LocalCache\\local-packages\\Python313\\site-packages\\snowflake\\connector\\connection.py\", line 1174, in connect\n    self.__open_connection()\n    ~~~~~~~~~~~~~~~~~~~~~~^^\n  File \"C:\\Users\\BoddifordJohn\\AppData\\Local\\Packages\\PythonSoftwareFoundation.Python.3.13_qbz5n2kfra8p0\\LocalCache\\local-packages\\Python313\\site-packages\\snowflake\\connector\\connection.py\", line 1602, in __open_connection\n    self.authenticate_with_retry(self.auth_class)\n    ~~~~~~~~~~~~~~~~~~~~~~~~~~~~^^^^^^^^^^^^^^^^^\n  File \"C:\\Users\\BoddifordJohn\\AppData\\Local\\Packages\\PythonSoftwareFoundation.Python.3.13_qbz5n2kfra8p0\\LocalCache\\local-packages\\Python313\\site-packages\\snowflake\\connector\\connection.py\", line 1938, in authenticate_with_retry\n    self._authenticate(auth_instance)\n    ~~~~~~~~~~~~~~~~~~^^^^^^^^^^^^^^^\n  File \"C:\\Users\\BoddifordJohn\\AppData\\Local\\Packages\\PythonSoftwareFoundation.Python.3.13_qbz5n2kfra8p0\\LocalCache\\local-packages\\Python313\\site-packages\\snowflake\\connector\\connection.py\", line 1970, in _authenticate\n    auth.authenticate(\n    ~~~~~~~~~~~~~~~~~^\n        auth_instance=auth_instance,\n        ^^^^^^^^^^^^^^^^^^^^^^^^^^^^\n    ...<10 lines>...\n        session_parameters=self._session_parameters,\n        ^^^^^^^^^^^^^^^^^^^^^^^^^^^^^^^^^^^^^^^^^^^^\n    )\n    ^\n  File \"C:\\Users\\BoddifordJohn\\AppData\\Local\\Packages\\PythonSoftwareFoundation.Python.3.13_qbz5n2kfra8p0\\LocalCache\\local-packages\\Python313\\site-packages\\snowflake\\connector\\auth\\_auth.py\", line 271, in authenticate\n    ret = self._rest._post_request(\n        url,\n    ...<2 lines>...\n        socket_timeout=auth_instance._socket_timeout,\n    )\n  File \"C:\\Users\\BoddifordJohn\\AppData\\Local\\Packages\\PythonSoftwareFoundation.Python.3.13_qbz5n2kfra8p0\\LocalCache\\local-packages\\Python313\\site-packages\\snowflake\\connector\\network.py\", line 754, in _post_request\n    ret = self.fetch(\n        \"post\",\n    ...<8 lines>...\n        socket_timeout=socket_timeout,\n    )\n  File \"C:\\Users\\BoddifordJohn\\AppData\\Local\\Packages\\PythonSoftwareFoundation.Python.3.13_qbz5n2kfra8p0\\LocalCache\\local-packages\\Python313\\site-packages\\snowflake\\connector\\network.py\", line 873, in fetch\n    ret = self._request_exec_wrapper(\n        session, method, full_url, headers, data, retry_ctx, **kwargs\n    )\n  File \"C:\\Users\\BoddifordJohn\\AppData\\Local\\Packages\\PythonSoftwareFoundation.Python.3.13_qbz5n2kfra8p0\\LocalCache\\local-packages\\Python313\\site-packages\\snowflake\\connector\\network.py\", line 1014, in _request_exec_wrapper\n    raise e\n  File \"C:\\Users\\BoddifordJohn\\AppData\\Local\\Packages\\PythonSoftwareFoundation.Python.3.13_qbz5n2kfra8p0\\LocalCache\\local-packages\\Python313\\site-packages\\snowflake\\connector\\network.py\", line 924, in _request_exec_wrapper\n    return_object = self._request_exec(\n        session=session,\n    ...<7 lines>...\n        **kwargs,\n    )\n  File \"C:\\Users\\BoddifordJohn\\AppData\\Local\\Packages\\PythonSoftwareFoundation.Python.3.13_qbz5n2kfra8p0\\LocalCache\\local-packages\\Python313\\site-packages\\snowflake\\connector\\network.py\", line 1221, in _request_exec\n    raise err\n  File \"C:\\Users\\BoddifordJohn\\AppData\\Local\\Packages\\PythonSoftwareFoundation.Python.3.13_qbz5n2kfra8p0\\LocalCache\\local-packages\\Python313\\site-packages\\snowflake\\connector\\network.py\", line 1168, in _request_exec\n    raise_failed_request_error(\n    ~~~~~~~~~~~~~~~~~~~~~~~~~~^\n        self._connection, full_url, method, raw_ret\n        ^^^^^^^^^^^^^^^^^^^^^^^^^^^^^^^^^^^^^^^^^^^\n    )\n    ^\n  File \"C:\\Users\\BoddifordJohn\\AppData\\Local\\Packages\\PythonSoftwareFoundation.Python.3.13_qbz5n2kfra8p0\\LocalCache\\local-packages\\Python313\\site-packages\\snowflake\\connector\\network.py\", line 232, in raise_failed_request_error\n    Error.errorhandler_wrapper(\n    ~~~~~~~~~~~~~~~~~~~~~~~~~~^\n        connection,\n        ^^^^^^^^^^^\n    ...<6 lines>...\n        },\n        ^^\n    )\n    ^\n  File \"C:\\Users\\BoddifordJohn\\AppData\\Local\\Packages\\PythonSoftwareFoundation.Python.3.13_qbz5n2kfra8p0\\LocalCache\\local-packages\\Python313\\site-packages\\snowflake\\connector\\errors.py\", line 298, in errorhandler_wrapper\n    handed_over = Error.hand_to_other_handler(\n        connection,\n    ...<2 lines>...\n        error_value,\n    )\n  File \"C:\\Users\\BoddifordJohn\\AppData\\Local\\Packages\\PythonSoftwareFoundation.Python.3.13_qbz5n2kfra8p0\\LocalCache\\local-packages\\Python313\\site-packages\\snowflake\\connector\\errors.py\", line 361, in hand_to_other_handler\n    connection.errorhandler(connection, cursor, error_class, error_value)\n    ~~~~~~~~~~~~~~~~~~~~~~~^^^^^^^^^^^^^^^^^^^^^^^^^^^^^^^^^^^^^^^^^^^^^^\n  File \"C:\\Users\\BoddifordJohn\\AppData\\Local\\Packages\\PythonSoftwareFoundation.Python.3.13_qbz5n2kfra8p0\\LocalCache\\local-packages\\Python313\\site-packages\\snowflake\\connector\\errors.py\", line 229, in default_errorhandler\n    raise error_class(\n    ...<10 lines>...\n    )\nsnowflake.connector.errors.HttpError: 290404 (08001): 404 Not Found: post ELDRIDGE-ECM.azure_eastus2.snowflakecomputing.com:443/session/v1/login-request\n", "service": "ai", "method": "__init__"}
{"timestamp": "2026-02-02T13:27:09.044618", "level": "INFO", "logger": "elli", "message": "Using key-pair authentication for Snowflake", "taskName": null, "service": "ai"}
{"timestamp": "2026-02-02T13:27:12.294492", "level": "ERROR", "logger": "elli", "message": "Could not connect to Snowflake: 250001 (08001): Failed to connect to DB: ARA18269.east-us-2.azure.snowflakecomputing.com:443. JWT token is invalid. [b2c7ad9c-7a56-4046-96f6-ef12ed0208ef]", "taskName": null, "service": "ai", "error": "250001 (08001): Failed to connect to DB: ARA18269.east-us-2.azure.snowflakecomputing.com:443. JWT token is invalid. [b2c7ad9c-7a56-4046-96f6-ef12ed0208ef]"}
{"timestamp": "2026-02-02T13:27:12.302081", "level": "ERROR", "logger": "elli", "message": "Error: DatabaseError: 250001 (08001): Failed to connect to DB: ARA18269.east-us-2.azure.snowflakecomputing.com:443. JWT token is invalid. [b2c7ad9c-7a56-4046-96f6-ef12ed0208ef]", "taskName": null, "error_type": "DatabaseError", "error_message": "250001 (08001): Failed to connect to DB: ARA18269.east-us-2.azure.snowflakecomputing.com:443. JWT token is invalid. [b2c7ad9c-7a56-4046-96f6-ef12ed0208ef]", "stack_trace": "Traceback (most recent call last):\n  File \"C:\\Users\\BoddifordJohn\\Downloads\\Experiment\\Elli\\services\\ai_service.py\", line 111, in __init__\n    self.connection = snowflake.connector.connect(**conn_params)\n                      ~~~~~~~~~~~~~~~~~~~~~~~~~~~^^^^^^^^^^^^^^^\n  File \"C:\\Users\\BoddifordJohn\\AppData\\Local\\Packages\\PythonSoftwareFoundation.Python.3.13_qbz5n2kfra8p0\\LocalCache\\local-packages\\Python313\\site-packages\\snowflake\\connector\\__init__.py\", line 76, in Connect\n    return SnowflakeConnection(**kwargs)\n  File \"C:\\Users\\BoddifordJohn\\AppData\\Local\\Packages\\PythonSoftwareFoundation.Python.3.13_qbz5n2kfra8p0\\LocalCache\\local-packages\\Python313\\site-packages\\snowflake\\connector\\connection.py\", line 679, in __init__\n    self.connect(**kwargs)\n    ~~~~~~~~~~~~^^^^^^^^^^\n  File \"C:\\Users\\BoddifordJohn\\AppData\\Local\\Packages\\PythonSoftwareFoundation.Python.3.13_qbz5n2kfra8p0\\LocalCache\\local-packages\\Python313\\site-packages\\snowflake\\connector\\connection.py\", line 1174, in connect\n    self.__open_connection()\n    ~~~~~~~~~~~~~~~~~~~~~~^^\n  File \"C:\\Users\\BoddifordJohn\\AppData\\Local\\Packages\\PythonSoftwareFoundation.Python.3.13_qbz5n2kfra8p0\\LocalCache\\local-packages\\Python313\\site-packages\\snowflake\\connector\\connection.py\", line 1602, in __open_connection\n    self.authenticate_with_retry(self.auth_class)\n    ~~~~~~~~~~~~~~~~~~~~~~~~~~~~^^^^^^^^^^^^^^^^^\n  File \"C:\\Users\\BoddifordJohn\\AppData\\Local\\Packages\\PythonSoftwareFoundation.Python.3.13_qbz5n2kfra8p0\\LocalCache\\local-packages\\Python313\\site-packages\\snowflake\\connector\\connection.py\", line 1938, in authenticate_with_retry\n    self._authenticate(auth_instance)\n    ~~~~~~~~~~~~~~~~~~^^^^^^^^^^^^^^^\n  File \"C:\\Users\\BoddifordJohn\\AppData\\Local\\Packages\\PythonSoftwareFoundation.Python.3.13_qbz5n2kfra8p0\\LocalCache\\local-packages\\Python313\\site-packages\\snowflake\\connector\\connection.py\", line 1970, in _authenticate\n    auth.authenticate(\n    ~~~~~~~~~~~~~~~~~^\n        auth_instance=auth_instance,\n        ^^^^^^^^^^^^^^^^^^^^^^^^^^^^\n    ...<10 lines>...\n        session_parameters=self._session_parameters,\n        ^^^^^^^^^^^^^^^^^^^^^^^^^^^^^^^^^^^^^^^^^^^^\n    )\n    ^\n  File \"C:\\Users\\BoddifordJohn\\AppData\\Local\\Packages\\PythonSoftwareFoundation.Python.3.13_qbz5n2kfra8p0\\LocalCache\\local-packages\\Python313\\site-packages\\snowflake\\connector\\auth\\_auth.py\", line 442, in authenticate\n    Error.errorhandler_wrapper(\n    ~~~~~~~~~~~~~~~~~~~~~~~~~~^\n        self._rest._connection,\n        ^^^^^^^^^^^^^^^^^^^^^^^\n    ...<12 lines>...\n        },\n        ^^\n    )\n    ^\n  File \"C:\\Users\\BoddifordJohn\\AppData\\Local\\Packages\\PythonSoftwareFoundation.Python.3.13_qbz5n2kfra8p0\\LocalCache\\local-packages\\Python313\\site-packages\\snowflake\\connector\\errors.py\", line 298, in errorhandler_wrapper\n    handed_over = Error.hand_to_other_handler(\n        connection,\n    ...<2 lines>...\n        error_value,\n    )\n  File \"C:\\Users\\BoddifordJohn\\AppData\\Local\\Packages\\PythonSoftwareFoundation.Python.3.13_qbz5n2kfra8p0\\LocalCache\\local-packages\\Python313\\site-packages\\snowflake\\connector\\errors.py\", line 361, in hand_to_other_handler\n    connection.errorhandler(connection, cursor, error_class, error_value)\n    ~~~~~~~~~~~~~~~~~~~~~~~^^^^^^^^^^^^^^^^^^^^^^^^^^^^^^^^^^^^^^^^^^^^^^\n  File \"C:\\Users\\BoddifordJohn\\AppData\\Local\\Packages\\PythonSoftwareFoundation.Python.3.13_qbz5n2kfra8p0\\LocalCache\\local-packages\\Python313\\site-packages\\snowflake\\connector\\errors.py\", line 229, in default_errorhandler\n    raise error_class(\n    ...<10 lines>...\n    )\nsnowflake.connector.errors.DatabaseError: 250001 (08001): Failed to connect to DB: ARA18269.east-us-2.azure.snowflakecomputing.com:443. JWT token is invalid. [b2c7ad9c-7a56-4046-96f6-ef12ed0208ef]\n", "service": "ai", "method": "__init__"}
{"timestamp": "2026-02-03T18:27:56.409974", "level": "INFO", "logger": "elli", "message": "Snowflake credentials incomplete (missing: SNOWFLAKE_USER, SNOWFLAKE_ACCOUNT, SNOWFLAKE_WAREHOUSE, SNOWFLAKE_PRIVATE_KEY_PATH or SNOWFLAKE_PASSWORD), using mock mode", "taskName": null, "service": "ai", "mode": "mock"}
{"timestamp": "2026-02-03T18:27:56.412874", "level": "INFO", "logger": "elli", "message": "Snowflake credentials incomplete (missing: SNOWFLAKE_USER, SNOWFLAKE_ACCOUNT, SNOWFLAKE_WAREHOUSE, SNOWFLAKE_PRIVATE_KEY_PATH or SNOWFLAKE_PASSWORD), using mock mode", "taskName": null, "service": "ai", "mode": "mock"}
{"timestamp": "2026-02-03T18:27:56.414605", "level": "INFO", "logger": "elli", "message": "Snowflake credentials incomplete (missing: SNOWFLAKE_USER, SNOWFLAKE_ACCOUNT, SNOWFLAKE_WAREHOUSE, SNOWFLAKE_PRIVATE_KEY_PATH or SNOWFLAKE_PASSWORD), using mock mode", "taskName": null, "service": "ai", "mode": "mock"}
{"timestamp": "2026-02-03T18:27:56.416418", "level": "INFO", "logger": "elli", "message": "Snowflake credentials incomplete (missing: SNOWFLAKE_USER, SNOWFLAKE_ACCOUNT, SNOWFLAKE_WAREHOUSE, SNOWFLAKE_PRIVATE_KEY_PATH or SNOWFLAKE_PASSWORD), using mock mode", "taskName": null, "service": "ai", "mode": "mock"}
{"timestamp": "2026-02-03T18:27:56.419599", "level": "INFO", "logger": "elli", "message": "Snowflake credentials incomplete (missing: SNOWFLAKE_USER, SNOWFLAKE_ACCOUNT, SNOWFLAKE_WAREHOUSE, SNOWFLAKE_PRIVATE_KEY_PATH or SNOWFLAKE_PASSWORD), using mock mode", "taskName": null, "service": "ai", "mode": "mock"}
{"timestamp": "2026-02-03T18:28:13.584591", "level": "INFO", "logger": "elli", "message": "Using password authentication for Snowflake", "taskName": null, "service": "ai"}
{"timestamp": "2026-02-03T18:28:13.585254", "level": "INFO", "logger": "elli", "message": "Connected to Snowflake Cortex", "taskName": null, "service": "ai", "mode": "real"}
{"timestamp": "2026-02-03T18:28:13.586560", "level": "INFO", "logger": "elli", "message": "API call succeeded: snowflake.cortex.complete (1ms)", "taskName": null, "service": "snowflake", "method": "cortex.complete", "duration_ms": 0.6, "success": true, "error": null, "model": "llama3-70b", "query": "Test query", "has_history": false}
{"timestamp": "2026-02-03T18:28:13.587241", "level": "INFO", "logger": "elli", "message": "Snowflake connection closed", "taskName": null, "service": "ai"}
{"timestamp": "2026-02-03T18:28:13.606013", "level": "INFO", "logger": "elli", "message": "Snowflake credentials incomplete (missing: SNOWFLAKE_USER, SNOWFLAKE_ACCOUNT, SNOWFLAKE_WAREHOUSE, SNOWFLAKE_PRIVATE_KEY_PATH or SNOWFLAKE_PASSWORD), using mock mode", "taskName": null, "service": "ai", "mode": "mock"}
{"timestamp": "2026-02-03T18:28:13.607778", "level": "INFO", "logger": "elli", "message": "Snowflake credentials incomplete (missing: SNOWFLAKE_USER, SNOWFLAKE_ACCOUNT, SNOWFLAKE_WAREHOUSE, SNOWFLAKE_PRIVATE_KEY_PATH or SNOWFLAKE_PASSWORD), using mock mode", "taskName": null, "service": "ai", "mode": "mock"}
{"timestamp": "2026-02-03T18:28:13.609757", "level": "INFO", "logger": "elli", "message": "Snowflake credentials incomplete (missing: SNOWFLAKE_USER, SNOWFLAKE_ACCOUNT, SNOWFLAKE_WAREHOUSE, SNOWFLAKE_PRIVATE_KEY_PATH or SNOWFLAKE_PASSWORD), using mock mode", "taskName": null, "service": "ai", "mode": "mock"}
{"timestamp": "2026-02-03T18:28:13.611788", "level": "INFO", "logger": "elli", "message": "Snowflake credentials incomplete (missing: SNOWFLAKE_USER, SNOWFLAKE_ACCOUNT, SNOWFLAKE_WAREHOUSE, SNOWFLAKE_PRIVATE_KEY_PATH or SNOWFLAKE_PASSWORD), using mock mode", "taskName": null, "service": "ai", "mode": "mock"}
{"timestamp": "2026-02-03T18:30:36.440191", "level": "INFO", "logger": "elli", "message": "Access token refreshed successfully", "taskName": null, "service": "salesforce_oauth", "instance_url": "https://eldridge.my.salesforce.com"}
{"timestamp": "2026-02-03T18:30:36.442077", "level": "INFO", "logger": "elli", "message": "Connected to Salesforce API via OAuth refresh token", "taskName": null, "service": "salesforce", "mode": "real", "auth_method": "oauth_refresh", "instance_url": "https://eldridge.my.salesforce.com"}
{"timestamp": "2026-02-03T21:56:50.254698", "level": "INFO", "logger": "elli", "message": "Using key-pair authentication for Snowflake", "taskName": null, "service": "ai"}
{"timestamp": "2026-02-03T21:56:52.689151", "level": "ERROR", "logger": "elli", "message": "Could not connect to Snowflake: 250001 (08001): Failed to connect to DB: ARA18269.east-us-2.azure.snowflakecomputing.com:443. JWT token is invalid. [5faa0117-2008-4b7e-bbd1-ab54b6661114]", "taskName": null, "service": "ai", "error": "250001 (08001): Failed to connect to DB: ARA18269.east-us-2.azure.snowflakecomputing.com:443. JWT token is invalid. [5faa0117-2008-4b7e-bbd1-ab54b6661114]"}
{"timestamp": "2026-02-03T21:56:52.695242", "level": "ERROR", "logger": "elli", "message": "Error: DatabaseError: 250001 (08001): Failed to connect to DB: ARA18269.east-us-2.azure.snowflakecomputing.com:443. JWT token is invalid. [5faa0117-2008-4b7e-bbd1-ab54b6661114]", "taskName": null, "error_type": "DatabaseError", "error_message": "250001 (08001): Failed to connect to DB: ARA18269.east-us-2.azure.snowflakecomputing.com:443. JWT token is invalid. [5faa0117-2008-4b7e-bbd1-ab54b6661114]", "stack_trace": "Traceback (most recent call last):\n  File \"C:\\Users\\BoddifordJohn\\Downloads\\Experiment\\Elli\\services\\ai_service.py\", line 111, in __init__\n    self.connection = snowflake.connector.connect(**conn_params)\n                      ~~~~~~~~~~~~~~~~~~~~~~~~~~~^^^^^^^^^^^^^^^\n  File \"C:\\Users\\BoddifordJohn\\AppData\\Local\\Packages\\PythonSoftwareFoundation.Python.3.13_qbz5n2kfra8p0\\LocalCache\\local-packages\\Python313\\site-packages\\snowflake\\connector\\__init__.py\", line 76, in Connect\n    return SnowflakeConnection(**kwargs)\n  File \"C:\\Users\\BoddifordJohn\\AppData\\Local\\Packages\\PythonSoftwareFoundation.Python.3.13_qbz5n2kfra8p0\\LocalCache\\local-packages\\Python313\\site-packages\\snowflake\\connector\\connection.py\", line 679, in __init__\n    self.connect(**kwargs)\n    ~~~~~~~~~~~~^^^^^^^^^^\n  File \"C:\\Users\\BoddifordJohn\\AppData\\Local\\Packages\\PythonSoftwareFoundation.Python.3.13_qbz5n2kfra8p0\\LocalCache\\local-packages\\Python313\\site-packages\\snowflake\\connector\\connection.py\", line 1174, in connect\n    self.__open_connection()\n    ~~~~~~~~~~~~~~~~~~~~~~^^\n  File \"C:\\Users\\BoddifordJohn\\AppData\\Local\\Packages\\PythonSoftwareFoundation.Python.3.13_qbz5n2kfra8p0\\LocalCache\\local-packages\\Python313\\site-packages\\snowflake\\connector\\connection.py\", line 1602, in __open_connection\n    self.authenticate_with_retry(self.auth_class)\n    ~~~~~~~~~~~~~~~~~~~~~~~~~~~~^^^^^^^^^^^^^^^^^\n  File \"C:\\Users\\BoddifordJohn\\AppData\\Local\\Packages\\PythonSoftwareFoundation.Python.3.13_qbz5n2kfra8p0\\LocalCache\\local-packages\\Python313\\site-packages\\snowflake\\connector\\connection.py\", line 1938, in authenticate_with_retry\n    self._authenticate(auth_instance)\n    ~~~~~~~~~~~~~~~~~~^^^^^^^^^^^^^^^\n  File \"C:\\Users\\BoddifordJohn\\AppData\\Local\\Packages\\PythonSoftwareFoundation.Python.3.13_qbz5n2kfra8p0\\LocalCache\\local-packages\\Python313\\site-packages\\snowflake\\connector\\connection.py\", line 1970, in _authenticate\n    auth.authenticate(\n    ~~~~~~~~~~~~~~~~~^\n        auth_instance=auth_instance,\n        ^^^^^^^^^^^^^^^^^^^^^^^^^^^^\n    ...<10 lines>...\n        session_parameters=self._session_parameters,\n        ^^^^^^^^^^^^^^^^^^^^^^^^^^^^^^^^^^^^^^^^^^^^\n    )\n    ^\n  File \"C:\\Users\\BoddifordJohn\\AppData\\Local\\Packages\\PythonSoftwareFoundation.Python.3.13_qbz5n2kfra8p0\\LocalCache\\local-packages\\Python313\\site-packages\\snowflake\\connector\\auth\\_auth.py\", line 442, in authenticate\n    Error.errorhandler_wrapper(\n    ~~~~~~~~~~~~~~~~~~~~~~~~~~^\n        self._rest._connection,\n        ^^^^^^^^^^^^^^^^^^^^^^^\n    ...<12 lines>...\n        },\n        ^^\n    )\n    ^\n  File \"C:\\Users\\BoddifordJohn\\AppData\\Local\\Packages\\PythonSoftwareFoundation.Python.3.13_qbz5n2kfra8p0\\LocalCache\\local-packages\\Python313\\site-packages\\snowflake\\connector\\errors.py\", line 298, in errorhandler_wrapper\n    handed_over = Error.hand_to_other_handler(\n        connection,\n    ...<2 lines>...\n        error_value,\n    )\n  File \"C:\\Users\\BoddifordJohn\\AppData\\Local\\Packages\\PythonSoftwareFoundation.Python.3.13_qbz5n2kfra8p0\\LocalCache\\local-packages\\Python313\\site-packages\\snowflake\\connector\\errors.py\", line 361, in hand_to_other_handler\n    connection.errorhandler(connection, cursor, error_class, error_value)\n    ~~~~~~~~~~~~~~~~~~~~~~~^^^^^^^^^^^^^^^^^^^^^^^^^^^^^^^^^^^^^^^^^^^^^^\n  File \"C:\\Users\\BoddifordJohn\\AppData\\Local\\Packages\\PythonSoftwareFoundation.Python.3.13_qbz5n2kfra8p0\\LocalCache\\local-packages\\Python313\\site-packages\\snowflake\\connector\\errors.py\", line 229, in default_errorhandler\n    raise error_class(\n    ...<10 lines>...\n    )\nsnowflake.connector.errors.DatabaseError: 250001 (08001): Failed to connect to DB: ARA18269.east-us-2.azure.snowflakecomputing.com:443. JWT token is invalid. [5faa0117-2008-4b7e-bbd1-ab54b6661114]\n", "service": "ai", "method": "__init__"}
{"timestamp": "2026-02-03T21:56:52.696120", "level": "INFO", "logger": "elli", "message": "Snowflake credentials not found, using mock vector store", "taskName": null, "service": "vector_store", "mode": "mock"}
{"timestamp": "2026-02-03T21:56:52.696533", "level": "INFO", "logger": "elli", "message": "RAG service initialized (top_k=3)", "taskName": null, "top_k": 3}
{"timestamp": "2026-02-03T21:56:52.696927", "level": "INFO", "logger": "elli", "message": "Semantic memory initialized (interval=10)", "taskName": null, "service": "semantic_memory"}
{"timestamp": "2026-02-03T21:56:52.761414", "level": "INFO", "logger": "elli", "message": "Cortex Analyst initialized for agent DEAL_AGENT", "taskName": null, "service": "cortex_analyst", "mode": "real", "auth": "pat", "agent": "DEAL_AGENT", "database": "DEV_CURATE", "schema": "CORE"}
{"timestamp": "2026-02-03T21:56:59.833315", "level": "INFO", "logger": "elli", "message": "Access token refreshed successfully", "taskName": null, "service": "salesforce_oauth", "instance_url": "https://eldridge.my.salesforce.com"}
{"timestamp": "2026-02-03T21:56:59.836340", "level": "INFO", "logger": "elli", "message": "Connected to Salesforce API via OAuth refresh token", "taskName": null, "service": "salesforce", "mode": "real", "auth_method": "oauth_refresh", "instance_url": "https://eldridge.my.salesforce.com"}
{"timestamp": "2026-02-03T21:56:59.836810", "level": "INFO", "logger": "elli", "message": "Snowflake credentials not found, using mock vector store", "taskName": null, "service": "vector_store", "mode": "mock"}
{"timestamp": "2026-02-03T21:56:59.837423", "level": "INFO", "logger": "elli", "message": "Startup validation passed", "taskName": null, "service": "app", "phase": "startup", "warnings_count": 0}
{"timestamp": "2026-02-03T21:56:59.837680", "level": "INFO", "logger": "elli", "message": "Elli is starting...", "taskName": null, "service": "app", "phase": "startup"}
{"timestamp": "2026-02-03T23:35:31.320292", "level": "INFO", "logger": "elli", "message": "Snowflake credentials incomplete (missing: SNOWFLAKE_USER, SNOWFLAKE_ACCOUNT, SNOWFLAKE_WAREHOUSE, SNOWFLAKE_PRIVATE_KEY_PATH or SNOWFLAKE_PASSWORD), using mock mode", "taskName": null, "service": "ai", "mode": "mock"}
{"timestamp": "2026-02-03T23:35:31.356592", "level": "INFO", "logger": "elli", "message": "Snowflake credentials incomplete (missing: SNOWFLAKE_USER, SNOWFLAKE_ACCOUNT, SNOWFLAKE_WAREHOUSE, SNOWFLAKE_PRIVATE_KEY_PATH or SNOWFLAKE_PASSWORD), using mock mode", "taskName": null, "service": "ai", "mode": "mock"}
{"timestamp": "2026-02-03T23:35:31.358451", "level": "INFO", "logger": "elli", "message": "Snowflake credentials incomplete (missing: SNOWFLAKE_USER, SNOWFLAKE_ACCOUNT, SNOWFLAKE_WAREHOUSE, SNOWFLAKE_PRIVATE_KEY_PATH or SNOWFLAKE_PASSWORD), using mock mode", "taskName": null, "service": "ai", "mode": "mock"}
{"timestamp": "2026-02-03T23:35:31.359948", "level": "INFO", "logger": "elli", "message": "Snowflake credentials incomplete (missing: SNOWFLAKE_USER, SNOWFLAKE_ACCOUNT, SNOWFLAKE_WAREHOUSE, SNOWFLAKE_PRIVATE_KEY_PATH or SNOWFLAKE_PASSWORD), using mock mode", "taskName": null, "service": "ai", "mode": "mock"}
{"timestamp": "2026-02-03T23:35:31.361442", "level": "INFO", "logger": "elli", "message": "Snowflake credentials incomplete (missing: SNOWFLAKE_USER, SNOWFLAKE_ACCOUNT, SNOWFLAKE_WAREHOUSE, SNOWFLAKE_PRIVATE_KEY_PATH or SNOWFLAKE_PASSWORD), using mock mode", "taskName": null, "service": "ai", "mode": "mock"}
{"timestamp": "2026-02-03T23:35:52.559223", "level": "INFO", "logger": "elli", "message": "Using password authentication for Snowflake", "taskName": null, "service": "ai"}
{"timestamp": "2026-02-03T23:35:52.559464", "level": "INFO", "logger": "elli", "message": "Connected to Snowflake Cortex", "taskName": null, "service": "ai", "mode": "real"}
{"timestamp": "2026-02-03T23:35:52.559792", "level": "INFO", "logger": "elli", "message": "API call succeeded: snowflake.cortex.complete (0ms)", "taskName": null, "service": "snowflake", "method": "cortex.complete", "duration_ms": 0.17, "success": true, "error": null, "model": "llama3-70b", "query": "Test query", "has_history": false}
{"timestamp": "2026-02-03T23:35:52.560077", "level": "INFO", "logger": "elli", "message": "Snowflake connection closed", "taskName": null, "service": "ai"}
{"timestamp": "2026-02-03T23:35:52.628525", "level": "INFO", "logger": "elli", "message": "Snowflake credentials incomplete (missing: SNOWFLAKE_USER, SNOWFLAKE_ACCOUNT, SNOWFLAKE_WAREHOUSE, SNOWFLAKE_PRIVATE_KEY_PATH or SNOWFLAKE_PASSWORD), using mock mode", "taskName": null, "service": "ai", "mode": "mock"}
{"timestamp": "2026-02-03T23:35:52.631098", "level": "INFO", "logger": "elli", "message": "Snowflake credentials incomplete (missing: SNOWFLAKE_USER, SNOWFLAKE_ACCOUNT, SNOWFLAKE_WAREHOUSE, SNOWFLAKE_PRIVATE_KEY_PATH or SNOWFLAKE_PASSWORD), using mock mode", "taskName": null, "service": "ai", "mode": "mock"}
{"timestamp": "2026-02-03T23:35:52.632802", "level": "INFO", "logger": "elli", "message": "Snowflake credentials incomplete (missing: SNOWFLAKE_USER, SNOWFLAKE_ACCOUNT, SNOWFLAKE_WAREHOUSE, SNOWFLAKE_PRIVATE_KEY_PATH or SNOWFLAKE_PASSWORD), using mock mode", "taskName": null, "service": "ai", "mode": "mock"}
{"timestamp": "2026-02-03T23:35:52.635797", "level": "INFO", "logger": "elli", "message": "Snowflake credentials incomplete (missing: SNOWFLAKE_USER, SNOWFLAKE_ACCOUNT, SNOWFLAKE_WAREHOUSE, SNOWFLAKE_PRIVATE_KEY_PATH or SNOWFLAKE_PASSWORD), using mock mode", "taskName": null, "service": "ai", "mode": "mock"}
{"timestamp": "2026-02-03T23:49:05.283356", "level": "INFO", "logger": "elli", "message": "Snowflake credentials incomplete (missing: SNOWFLAKE_USER, SNOWFLAKE_ACCOUNT, SNOWFLAKE_WAREHOUSE, SNOWFLAKE_PRIVATE_KEY_PATH or SNOWFLAKE_PASSWORD), using mock mode", "taskName": null, "service": "ai", "mode": "mock"}
{"timestamp": "2026-02-03T23:49:05.286850", "level": "INFO", "logger": "elli", "message": "Snowflake credentials incomplete (missing: SNOWFLAKE_USER, SNOWFLAKE_ACCOUNT, SNOWFLAKE_WAREHOUSE, SNOWFLAKE_PRIVATE_KEY_PATH or SNOWFLAKE_PASSWORD), using mock mode", "taskName": null, "service": "ai", "mode": "mock"}
{"timestamp": "2026-02-03T23:49:05.288625", "level": "INFO", "logger": "elli", "message": "Snowflake credentials incomplete (missing: SNOWFLAKE_USER, SNOWFLAKE_ACCOUNT, SNOWFLAKE_WAREHOUSE, SNOWFLAKE_PRIVATE_KEY_PATH or SNOWFLAKE_PASSWORD), using mock mode", "taskName": null, "service": "ai", "mode": "mock"}
{"timestamp": "2026-02-03T23:49:05.290250", "level": "INFO", "logger": "elli", "message": "Snowflake credentials incomplete (missing: SNOWFLAKE_USER, SNOWFLAKE_ACCOUNT, SNOWFLAKE_WAREHOUSE, SNOWFLAKE_PRIVATE_KEY_PATH or SNOWFLAKE_PASSWORD), using mock mode", "taskName": null, "service": "ai", "mode": "mock"}
{"timestamp": "2026-02-03T23:49:05.293535", "level": "INFO", "logger": "elli", "message": "Snowflake credentials incomplete (missing: SNOWFLAKE_USER, SNOWFLAKE_ACCOUNT, SNOWFLAKE_WAREHOUSE, SNOWFLAKE_PRIVATE_KEY_PATH or SNOWFLAKE_PASSWORD), using mock mode", "taskName": null, "service": "ai", "mode": "mock"}
{"timestamp": "2026-02-03T23:49:06.318896", "level": "INFO", "logger": "elli", "message": "Using password authentication for Snowflake", "taskName": null, "service": "ai"}
{"timestamp": "2026-02-03T23:49:06.319142", "level": "INFO", "logger": "elli", "message": "Connected to Snowflake Cortex", "taskName": null, "service": "ai", "mode": "real"}
{"timestamp": "2026-02-03T23:49:06.319459", "level": "INFO", "logger": "elli", "message": "API call succeeded: snowflake.cortex.complete (0ms)", "taskName": null, "service": "snowflake", "method": "cortex.complete", "duration_ms": 0.16, "success": true, "error": null, "model": "llama3-70b", "query": "Test query", "has_history": false}
{"timestamp": "2026-02-03T23:49:06.319695", "level": "INFO", "logger": "elli", "message": "Snowflake connection closed", "taskName": null, "service": "ai"}
{"timestamp": "2026-02-03T23:49:06.322694", "level": "INFO", "logger": "elli", "message": "Snowflake credentials incomplete (missing: SNOWFLAKE_USER, SNOWFLAKE_ACCOUNT, SNOWFLAKE_WAREHOUSE, SNOWFLAKE_PRIVATE_KEY_PATH or SNOWFLAKE_PASSWORD), using mock mode", "taskName": null, "service": "ai", "mode": "mock"}
{"timestamp": "2026-02-03T23:49:06.324317", "level": "INFO", "logger": "elli", "message": "Snowflake credentials incomplete (missing: SNOWFLAKE_USER, SNOWFLAKE_ACCOUNT, SNOWFLAKE_WAREHOUSE, SNOWFLAKE_PRIVATE_KEY_PATH or SNOWFLAKE_PASSWORD), using mock mode", "taskName": null, "service": "ai", "mode": "mock"}
{"timestamp": "2026-02-03T23:49:06.325870", "level": "INFO", "logger": "elli", "message": "Snowflake credentials incomplete (missing: SNOWFLAKE_USER, SNOWFLAKE_ACCOUNT, SNOWFLAKE_WAREHOUSE, SNOWFLAKE_PRIVATE_KEY_PATH or SNOWFLAKE_PASSWORD), using mock mode", "taskName": null, "service": "ai", "mode": "mock"}
{"timestamp": "2026-02-03T23:49:06.327478", "level": "INFO", "logger": "elli", "message": "Snowflake credentials incomplete (missing: SNOWFLAKE_USER, SNOWFLAKE_ACCOUNT, SNOWFLAKE_WAREHOUSE, SNOWFLAKE_PRIVATE_KEY_PATH or SNOWFLAKE_PASSWORD), using mock mode", "taskName": null, "service": "ai", "mode": "mock"}
{"timestamp": "2026-02-03T23:49:14.253528", "level": "INFO", "logger": "elli", "message": "Using key-pair authentication for Snowflake", "taskName": null, "service": "ai"}
{"timestamp": "2026-02-03T23:49:15.539103", "level": "ERROR", "logger": "elli", "message": "Could not connect to Snowflake: 250001 (08001): Failed to connect to DB: ARA18269.east-us-2.azure.snowflakecomputing.com:443. JWT token is invalid. [d4894733-da49-4775-82aa-3d4eb8cbc5e7]", "taskName": null, "service": "ai", "error": "250001 (08001): Failed to connect to DB: ARA18269.east-us-2.azure.snowflakecomputing.com:443. JWT token is invalid. [d4894733-da49-4775-82aa-3d4eb8cbc5e7]"}
{"timestamp": "2026-02-03T23:49:15.541386", "level": "ERROR", "logger": "elli", "message": "Error: DatabaseError: 250001 (08001): Failed to connect to DB: ARA18269.east-us-2.azure.snowflakecomputing.com:443. JWT token is invalid. [d4894733-da49-4775-82aa-3d4eb8cbc5e7]", "taskName": null, "error_type": "DatabaseError", "error_message": "250001 (08001): Failed to connect to DB: ARA18269.east-us-2.azure.snowflakecomputing.com:443. JWT token is invalid. [d4894733-da49-4775-82aa-3d4eb8cbc5e7]", "stack_trace": "Traceback (most recent call last):\n  File \"C:\\Users\\BoddifordJohn\\Downloads\\Experiment\\Elli\\services\\ai_service.py\", line 111, in __init__\n    self.connection = snowflake.connector.connect(**conn_params)\n                      ~~~~~~~~~~~~~~~~~~~~~~~~~~~^^^^^^^^^^^^^^^\n  File \"C:\\Users\\BoddifordJohn\\AppData\\Local\\Packages\\PythonSoftwareFoundation.Python.3.13_qbz5n2kfra8p0\\LocalCache\\local-packages\\Python313\\site-packages\\snowflake\\connector\\__init__.py\", line 76, in Connect\n    return SnowflakeConnection(**kwargs)\n  File \"C:\\Users\\BoddifordJohn\\AppData\\Local\\Packages\\PythonSoftwareFoundation.Python.3.13_qbz5n2kfra8p0\\LocalCache\\local-packages\\Python313\\site-packages\\snowflake\\connector\\connection.py\", line 679, in __init__\n    self.connect(**kwargs)\n    ~~~~~~~~~~~~^^^^^^^^^^\n  File \"C:\\Users\\BoddifordJohn\\AppData\\Local\\Packages\\PythonSoftwareFoundation.Python.3.13_qbz5n2kfra8p0\\LocalCache\\local-packages\\Python313\\site-packages\\snowflake\\connector\\connection.py\", line 1174, in connect\n    self.__open_connection()\n    ~~~~~~~~~~~~~~~~~~~~~~^^\n  File \"C:\\Users\\BoddifordJohn\\AppData\\Local\\Packages\\PythonSoftwareFoundation.Python.3.13_qbz5n2kfra8p0\\LocalCache\\local-packages\\Python313\\site-packages\\snowflake\\connector\\connection.py\", line 1602, in __open_connection\n    self.authenticate_with_retry(self.auth_class)\n    ~~~~~~~~~~~~~~~~~~~~~~~~~~~~^^^^^^^^^^^^^^^^^\n  File \"C:\\Users\\BoddifordJohn\\AppData\\Local\\Packages\\PythonSoftwareFoundation.Python.3.13_qbz5n2kfra8p0\\LocalCache\\local-packages\\Python313\\site-packages\\snowflake\\connector\\connection.py\", line 1938, in authenticate_with_retry\n    self._authenticate(auth_instance)\n    ~~~~~~~~~~~~~~~~~~^^^^^^^^^^^^^^^\n  File \"C:\\Users\\BoddifordJohn\\AppData\\Local\\Packages\\PythonSoftwareFoundation.Python.3.13_qbz5n2kfra8p0\\LocalCache\\local-packages\\Python313\\site-packages\\snowflake\\connector\\connection.py\", line 1970, in _authenticate\n    auth.authenticate(\n    ~~~~~~~~~~~~~~~~~^\n        auth_instance=auth_instance,\n        ^^^^^^^^^^^^^^^^^^^^^^^^^^^^\n    ...<10 lines>...\n        session_parameters=self._session_parameters,\n        ^^^^^^^^^^^^^^^^^^^^^^^^^^^^^^^^^^^^^^^^^^^^\n    )\n    ^\n  File \"C:\\Users\\BoddifordJohn\\AppData\\Local\\Packages\\PythonSoftwareFoundation.Python.3.13_qbz5n2kfra8p0\\LocalCache\\local-packages\\Python313\\site-packages\\snowflake\\connector\\auth\\_auth.py\", line 442, in authenticate\n    Error.errorhandler_wrapper(\n    ~~~~~~~~~~~~~~~~~~~~~~~~~~^\n        self._rest._connection,\n        ^^^^^^^^^^^^^^^^^^^^^^^\n    ...<12 lines>...\n        },\n        ^^\n    )\n    ^\n  File \"C:\\Users\\BoddifordJohn\\AppData\\Local\\Packages\\PythonSoftwareFoundation.Python.3.13_qbz5n2kfra8p0\\LocalCache\\local-packages\\Python313\\site-packages\\snowflake\\connector\\errors.py\", line 298, in errorhandler_wrapper\n    handed_over = Error.hand_to_other_handler(\n        connection,\n    ...<2 lines>...\n        error_value,\n    )\n  File \"C:\\Users\\BoddifordJohn\\AppData\\Local\\Packages\\PythonSoftwareFoundation.Python.3.13_qbz5n2kfra8p0\\LocalCache\\local-packages\\Python313\\site-packages\\snowflake\\connector\\errors.py\", line 361, in hand_to_other_handler\n    connection.errorhandler(connection, cursor, error_class, error_value)\n    ~~~~~~~~~~~~~~~~~~~~~~~^^^^^^^^^^^^^^^^^^^^^^^^^^^^^^^^^^^^^^^^^^^^^^\n  File \"C:\\Users\\BoddifordJohn\\AppData\\Local\\Packages\\PythonSoftwareFoundation.Python.3.13_qbz5n2kfra8p0\\LocalCache\\local-packages\\Python313\\site-packages\\snowflake\\connector\\errors.py\", line 229, in default_errorhandler\n    raise error_class(\n    ...<10 lines>...\n    )\nsnowflake.connector.errors.DatabaseError: 250001 (08001): Failed to connect to DB: ARA18269.east-us-2.azure.snowflakecomputing.com:443. JWT token is invalid. [d4894733-da49-4775-82aa-3d4eb8cbc5e7]\n", "service": "ai", "method": "__init__"}
{"timestamp": "2026-02-03T23:49:15.541587", "level": "INFO", "logger": "elli", "message": "Snowflake credentials not found, using mock vector store", "taskName": null, "service": "vector_store", "mode": "mock"}
{"timestamp": "2026-02-03T23:49:15.541650", "level": "INFO", "logger": "elli", "message": "RAG service initialized (top_k=3)", "taskName": null, "top_k": 3}
{"timestamp": "2026-02-03T23:49:15.541715", "level": "INFO", "logger": "elli", "message": "Semantic memory initialized (interval=10)", "taskName": null, "service": "semantic_memory"}
{"timestamp": "2026-02-03T23:49:15.575625", "level": "INFO", "logger": "elli", "message": "Cortex Analyst initialized for agent DEAL_AGENT", "taskName": null, "service": "cortex_analyst", "mode": "real", "auth": "pat", "agent": "DEAL_AGENT", "database": "DEV_CURATE", "schema": "CORE"}
{"timestamp": "2026-02-03T23:49:16.369312", "level": "INFO", "logger": "elli", "message": "Access token refreshed successfully", "taskName": null, "service": "salesforce_oauth", "instance_url": "https://eldridge.my.salesforce.com"}
{"timestamp": "2026-02-03T23:49:16.370389", "level": "INFO", "logger": "elli", "message": "Connected to Salesforce API via OAuth refresh token", "taskName": null, "service": "salesforce", "mode": "real", "auth_method": "oauth_refresh", "instance_url": "https://eldridge.my.salesforce.com"}
{"timestamp": "2026-02-03T23:49:16.370482", "level": "INFO", "logger": "elli", "message": "Snowflake credentials not found, using mock vector store", "taskName": null, "service": "vector_store", "mode": "mock"}
{"timestamp": "2026-02-03T23:49:24.825476", "level": "INFO", "logger": "elli", "message": "Using key-pair authentication for Snowflake", "taskName": null, "service": "ai"}
{"timestamp": "2026-02-03T23:49:25.345883", "level": "ERROR", "logger": "elli", "message": "Could not connect to Snowflake: 250001 (08001): Failed to connect to DB: ARA18269.east-us-2.azure.snowflakecomputing.com:443. JWT token is invalid. [a566499e-13a6-4140-917f-c829daba48e5]", "taskName": null, "service": "ai", "error": "250001 (08001): Failed to connect to DB: ARA18269.east-us-2.azure.snowflakecomputing.com:443. JWT token is invalid. [a566499e-13a6-4140-917f-c829daba48e5]"}
{"timestamp": "2026-02-03T23:49:25.347685", "level": "ERROR", "logger": "elli", "message": "Error: DatabaseError: 250001 (08001): Failed to connect to DB: ARA18269.east-us-2.azure.snowflakecomputing.com:443. JWT token is invalid. [a566499e-13a6-4140-917f-c829daba48e5]", "taskName": null, "error_type": "DatabaseError", "error_message": "250001 (08001): Failed to connect to DB: ARA18269.east-us-2.azure.snowflakecomputing.com:443. JWT token is invalid. [a566499e-13a6-4140-917f-c829daba48e5]", "stack_trace": "Traceback (most recent call last):\n  File \"C:\\Users\\BoddifordJohn\\Downloads\\Experiment\\Elli\\services\\ai_service.py\", line 111, in __init__\n    self.connection = snowflake.connector.connect(**conn_params)\n                      ~~~~~~~~~~~~~~~~~~~~~~~~~~~^^^^^^^^^^^^^^^\n  File \"C:\\Users\\BoddifordJohn\\AppData\\Local\\Packages\\PythonSoftwareFoundation.Python.3.13_qbz5n2kfra8p0\\LocalCache\\local-packages\\Python313\\site-packages\\snowflake\\connector\\__init__.py\", line 76, in Connect\n    return SnowflakeConnection(**kwargs)\n  File \"C:\\Users\\BoddifordJohn\\AppData\\Local\\Packages\\PythonSoftwareFoundation.Python.3.13_qbz5n2kfra8p0\\LocalCache\\local-packages\\Python313\\site-packages\\snowflake\\connector\\connection.py\", line 679, in __init__\n    self.connect(**kwargs)\n    ~~~~~~~~~~~~^^^^^^^^^^\n  File \"C:\\Users\\BoddifordJohn\\AppData\\Local\\Packages\\PythonSoftwareFoundation.Python.3.13_qbz5n2kfra8p0\\LocalCache\\local-packages\\Python313\\site-packages\\snowflake\\connector\\connection.py\", line 1174, in connect\n    self.__open_connection()\n    ~~~~~~~~~~~~~~~~~~~~~~^^\n  File \"C:\\Users\\BoddifordJohn\\AppData\\Local\\Packages\\PythonSoftwareFoundation.Python.3.13_qbz5n2kfra8p0\\LocalCache\\local-packages\\Python313\\site-packages\\snowflake\\connector\\connection.py\", line 1602, in __open_connection\n    self.authenticate_with_retry(self.auth_class)\n    ~~~~~~~~~~~~~~~~~~~~~~~~~~~~^^^^^^^^^^^^^^^^^\n  File \"C:\\Users\\BoddifordJohn\\AppData\\Local\\Packages\\PythonSoftwareFoundation.Python.3.13_qbz5n2kfra8p0\\LocalCache\\local-packages\\Python313\\site-packages\\snowflake\\connector\\connection.py\", line 1938, in authenticate_with_retry\n    self._authenticate(auth_instance)\n    ~~~~~~~~~~~~~~~~~~^^^^^^^^^^^^^^^\n  File \"C:\\Users\\BoddifordJohn\\AppData\\Local\\Packages\\PythonSoftwareFoundation.Python.3.13_qbz5n2kfra8p0\\LocalCache\\local-packages\\Python313\\site-packages\\snowflake\\connector\\connection.py\", line 1970, in _authenticate\n    auth.authenticate(\n    ~~~~~~~~~~~~~~~~~^\n        auth_instance=auth_instance,\n        ^^^^^^^^^^^^^^^^^^^^^^^^^^^^\n    ...<10 lines>...\n        session_parameters=self._session_parameters,\n        ^^^^^^^^^^^^^^^^^^^^^^^^^^^^^^^^^^^^^^^^^^^^\n    )\n    ^\n  File \"C:\\Users\\BoddifordJohn\\AppData\\Local\\Packages\\PythonSoftwareFoundation.Python.3.13_qbz5n2kfra8p0\\LocalCache\\local-packages\\Python313\\site-packages\\snowflake\\connector\\auth\\_auth.py\", line 442, in authenticate\n    Error.errorhandler_wrapper(\n    ~~~~~~~~~~~~~~~~~~~~~~~~~~^\n        self._rest._connection,\n        ^^^^^^^^^^^^^^^^^^^^^^^\n    ...<12 lines>...\n        },\n        ^^\n    )\n    ^\n  File \"C:\\Users\\BoddifordJohn\\AppData\\Local\\Packages\\PythonSoftwareFoundation.Python.3.13_qbz5n2kfra8p0\\LocalCache\\local-packages\\Python313\\site-packages\\snowflake\\connector\\errors.py\", line 298, in errorhandler_wrapper\n    handed_over = Error.hand_to_other_handler(\n        connection,\n    ...<2 lines>...\n        error_value,\n    )\n  File \"C:\\Users\\BoddifordJohn\\AppData\\Local\\Packages\\PythonSoftwareFoundation.Python.3.13_qbz5n2kfra8p0\\LocalCache\\local-packages\\Python313\\site-packages\\snowflake\\connector\\errors.py\", line 361, in hand_to_other_handler\n    connection.errorhandler(connection, cursor, error_class, error_value)\n    ~~~~~~~~~~~~~~~~~~~~~~~^^^^^^^^^^^^^^^^^^^^^^^^^^^^^^^^^^^^^^^^^^^^^^\n  File \"C:\\Users\\BoddifordJohn\\AppData\\Local\\Packages\\PythonSoftwareFoundation.Python.3.13_qbz5n2kfra8p0\\LocalCache\\local-packages\\Python313\\site-packages\\snowflake\\connector\\errors.py\", line 229, in default_errorhandler\n    raise error_class(\n    ...<10 lines>...\n    )\nsnowflake.connector.errors.DatabaseError: 250001 (08001): Failed to connect to DB: ARA18269.east-us-2.azure.snowflakecomputing.com:443. JWT token is invalid. [a566499e-13a6-4140-917f-c829daba48e5]\n", "service": "ai", "method": "__init__"}
{"timestamp": "2026-02-03T23:49:25.347843", "level": "INFO", "logger": "elli", "message": "Snowflake credentials not found, using mock vector store", "taskName": null, "service": "vector_store", "mode": "mock"}
{"timestamp": "2026-02-03T23:49:25.347903", "level": "INFO", "logger": "elli", "message": "RAG service initialized (top_k=3)", "taskName": null, "top_k": 3}
{"timestamp": "2026-02-03T23:49:25.347969", "level": "INFO", "logger": "elli", "message": "Semantic memory initialized (interval=10)", "taskName": null, "service": "semantic_memory"}
{"timestamp": "2026-02-03T23:49:25.350103", "level": "INFO", "logger": "elli", "message": "Cortex Analyst initialized for agent DEAL_AGENT", "taskName": null, "service": "cortex_analyst", "mode": "real", "auth": "pat", "agent": "DEAL_AGENT", "database": "DEV_CURATE", "schema": "CORE"}
{"timestamp": "2026-02-03T23:49:26.009164", "level": "INFO", "logger": "elli", "message": "Access token refreshed successfully", "taskName": null, "service": "salesforce_oauth", "instance_url": "https://eldridge.my.salesforce.com"}
{"timestamp": "2026-02-03T23:49:26.012144", "level": "INFO", "logger": "elli", "message": "Connected to Salesforce API via OAuth refresh token", "taskName": null, "service": "salesforce", "mode": "real", "auth_method": "oauth_refresh", "instance_url": "https://eldridge.my.salesforce.com"}
{"timestamp": "2026-02-03T23:49:26.012224", "level": "INFO", "logger": "elli", "message": "Snowflake credentials not found, using mock vector store", "taskName": null, "service": "vector_store", "mode": "mock"}
{"timestamp": "2026-02-04T00:22:35.190659", "level": "INFO", "logger": "elli", "message": "Using key-pair authentication for Snowflake", "taskName": null, "service": "ai"}
{"timestamp": "2026-02-04T00:22:36.524412", "level": "ERROR", "logger": "elli", "message": "Could not connect to Snowflake: 250001 (08001): Failed to connect to DB: ARA18269.east-us-2.azure.snowflakecomputing.com:443. JWT token is invalid. [c7029747-4fb3-431b-bcef-02d560067e8a]", "taskName": null, "service": "ai", "error": "250001 (08001): Failed to connect to DB: ARA18269.east-us-2.azure.snowflakecomputing.com:443. JWT token is invalid. [c7029747-4fb3-431b-bcef-02d560067e8a]"}
{"timestamp": "2026-02-04T00:22:36.527237", "level": "ERROR", "logger": "elli", "message": "Error: DatabaseError: 250001 (08001): Failed to connect to DB: ARA18269.east-us-2.azure.snowflakecomputing.com:443. JWT token is invalid. [c7029747-4fb3-431b-bcef-02d560067e8a]", "taskName": null, "error_type": "DatabaseError", "error_message": "250001 (08001): Failed to connect to DB: ARA18269.east-us-2.azure.snowflakecomputing.com:443. JWT token is invalid. [c7029747-4fb3-431b-bcef-02d560067e8a]", "stack_trace": "Traceback (most recent call last):\n  File \"C:\\Users\\BoddifordJohn\\Downloads\\Experiment\\Elli\\services\\ai_service.py\", line 111, in __init__\n    self.connection = snowflake.connector.connect(**conn_params)\n                      ~~~~~~~~~~~~~~~~~~~~~~~~~~~^^^^^^^^^^^^^^^\n  File \"C:\\Users\\BoddifordJohn\\AppData\\Local\\Packages\\PythonSoftwareFoundation.Python.3.13_qbz5n2kfra8p0\\LocalCache\\local-packages\\Python313\\site-packages\\snowflake\\connector\\__init__.py\", line 76, in Connect\n    return SnowflakeConnection(**kwargs)\n  File \"C:\\Users\\BoddifordJohn\\AppData\\Local\\Packages\\PythonSoftwareFoundation.Python.3.13_qbz5n2kfra8p0\\LocalCache\\local-packages\\Python313\\site-packages\\snowflake\\connector\\connection.py\", line 679, in __init__\n    self.connect(**kwargs)\n    ~~~~~~~~~~~~^^^^^^^^^^\n  File \"C:\\Users\\BoddifordJohn\\AppData\\Local\\Packages\\PythonSoftwareFoundation.Python.3.13_qbz5n2kfra8p0\\LocalCache\\local-packages\\Python313\\site-packages\\snowflake\\connector\\connection.py\", line 1174, in connect\n    self.__open_connection()\n    ~~~~~~~~~~~~~~~~~~~~~~^^\n  File \"C:\\Users\\BoddifordJohn\\AppData\\Local\\Packages\\PythonSoftwareFoundation.Python.3.13_qbz5n2kfra8p0\\LocalCache\\local-packages\\Python313\\site-packages\\snowflake\\connector\\connection.py\", line 1602, in __open_connection\n    self.authenticate_with_retry(self.auth_class)\n    ~~~~~~~~~~~~~~~~~~~~~~~~~~~~^^^^^^^^^^^^^^^^^\n  File \"C:\\Users\\BoddifordJohn\\AppData\\Local\\Packages\\PythonSoftwareFoundation.Python.3.13_qbz5n2kfra8p0\\LocalCache\\local-packages\\Python313\\site-packages\\snowflake\\connector\\connection.py\", line 1938, in authenticate_with_retry\n    self._authenticate(auth_instance)\n    ~~~~~~~~~~~~~~~~~~^^^^^^^^^^^^^^^\n  File \"C:\\Users\\BoddifordJohn\\AppData\\Local\\Packages\\PythonSoftwareFoundation.Python.3.13_qbz5n2kfra8p0\\LocalCache\\local-packages\\Python313\\site-packages\\snowflake\\connector\\connection.py\", line 1970, in _authenticate\n    auth.authenticate(\n    ~~~~~~~~~~~~~~~~~^\n        auth_instance=auth_instance,\n        ^^^^^^^^^^^^^^^^^^^^^^^^^^^^\n    ...<10 lines>...\n        session_parameters=self._session_parameters,\n        ^^^^^^^^^^^^^^^^^^^^^^^^^^^^^^^^^^^^^^^^^^^^\n    )\n    ^\n  File \"C:\\Users\\BoddifordJohn\\AppData\\Local\\Packages\\PythonSoftwareFoundation.Python.3.13_qbz5n2kfra8p0\\LocalCache\\local-packages\\Python313\\site-packages\\snowflake\\connector\\auth\\_auth.py\", line 442, in authenticate\n    Error.errorhandler_wrapper(\n    ~~~~~~~~~~~~~~~~~~~~~~~~~~^\n        self._rest._connection,\n        ^^^^^^^^^^^^^^^^^^^^^^^\n    ...<12 lines>...\n        },\n        ^^\n    )\n    ^\n  File \"C:\\Users\\BoddifordJohn\\AppData\\Local\\Packages\\PythonSoftwareFoundation.Python.3.13_qbz5n2kfra8p0\\LocalCache\\local-packages\\Python313\\site-packages\\snowflake\\connector\\errors.py\", line 298, in errorhandler_wrapper\n    handed_over = Error.hand_to_other_handler(\n        connection,\n    ...<2 lines>...\n        error_value,\n    )\n  File \"C:\\Users\\BoddifordJohn\\AppData\\Local\\Packages\\PythonSoftwareFoundation.Python.3.13_qbz5n2kfra8p0\\LocalCache\\local-packages\\Python313\\site-packages\\snowflake\\connector\\errors.py\", line 361, in hand_to_other_handler\n    connection.errorhandler(connection, cursor, error_class, error_value)\n    ~~~~~~~~~~~~~~~~~~~~~~~^^^^^^^^^^^^^^^^^^^^^^^^^^^^^^^^^^^^^^^^^^^^^^\n  File \"C:\\Users\\BoddifordJohn\\AppData\\Local\\Packages\\PythonSoftwareFoundation.Python.3.13_qbz5n2kfra8p0\\LocalCache\\local-packages\\Python313\\site-packages\\snowflake\\connector\\errors.py\", line 229, in default_errorhandler\n    raise error_class(\n    ...<10 lines>...\n    )\nsnowflake.connector.errors.DatabaseError: 250001 (08001): Failed to connect to DB: ARA18269.east-us-2.azure.snowflakecomputing.com:443. JWT token is invalid. [c7029747-4fb3-431b-bcef-02d560067e8a]\n", "service": "ai", "method": "__init__"}
{"timestamp": "2026-02-04T00:22:36.527921", "level": "INFO", "logger": "elli", "message": "Snowflake credentials not found, using mock vector store", "taskName": null, "service": "vector_store", "mode": "mock"}
{"timestamp": "2026-02-04T00:22:36.528260", "level": "INFO", "logger": "elli", "message": "RAG service initialized (top_k=3)", "taskName": null, "top_k": 3}
{"timestamp": "2026-02-04T00:22:36.528596", "level": "INFO", "logger": "elli", "message": "Semantic memory initialized (interval=10)", "taskName": null, "service": "semantic_memory"}
{"timestamp": "2026-02-04T00:22:36.563567", "level": "INFO", "logger": "elli", "message": "Cortex Analyst initialized for agent DEAL_AGENT", "taskName": null, "service": "cortex_analyst", "mode": "real", "auth": "pat", "agent": "DEAL_AGENT", "database": "DEV_CURATE", "schema": "CORE"}
{"timestamp": "2026-02-04T00:22:41.270656", "level": "INFO", "logger": "elli", "message": "Access token refreshed successfully", "taskName": null, "service": "salesforce_oauth", "instance_url": "https://eldridge.my.salesforce.com"}
{"timestamp": "2026-02-04T00:22:41.271891", "level": "INFO", "logger": "elli", "message": "Connected to Salesforce API via OAuth refresh token", "taskName": null, "service": "salesforce", "mode": "real", "auth_method": "oauth_refresh", "instance_url": "https://eldridge.my.salesforce.com"}
{"timestamp": "2026-02-04T00:22:41.272343", "level": "INFO", "logger": "elli", "message": "Snowflake credentials not found, using mock vector store", "taskName": null, "service": "vector_store", "mode": "mock"}
{"timestamp": "2026-02-04T00:22:41.272661", "level": "INFO", "logger": "elli", "message": "Startup validation passed", "taskName": null, "service": "app", "phase": "startup", "warnings_count": 0}
{"timestamp": "2026-02-04T00:22:41.272798", "level": "INFO", "logger": "elli", "message": "Elli is starting...", "taskName": null, "service": "app", "phase": "startup"}
{"timestamp": "2026-02-04T04:57:11.054866", "level": "INFO", "logger": "elli", "message": "Using key-pair authentication for Snowflake", "taskName": null, "service": "ai"}
{"timestamp": "2026-02-04T04:57:12.287980", "level": "ERROR", "logger": "elli", "message": "Could not connect to Snowflake: 250001 (08001): Failed to connect to DB: ARA18269.east-us-2.azure.snowflakecomputing.com:443. Incoming request with IP/Token 67.254.143.131 is not allowed to access Snowflake. Contact your account administrator. For more information about this error, go to https://community.snowflake.com/s/ip-xxxxxxxxxxxx-is-not-allowed-to-access.", "taskName": null, "service": "ai", "error": "250001 (08001): Failed to connect to DB: ARA18269.east-us-2.azure.snowflakecomputing.com:443. Incoming request with IP/Token 67.254.143.131 is not allowed to access Snowflake. Contact your account administrator. For more information about this error, go to https://community.snowflake.com/s/ip-xxxxxxxxxxxx-is-not-allowed-to-access."}
{"timestamp": "2026-02-04T04:57:12.291677", "level": "ERROR", "logger": "elli", "message": "Error: DatabaseError: 250001 (08001): Failed to connect to DB: ARA18269.east-us-2.azure.snowflakecomputing.com:443. Incoming request with IP/Token 67.254.143.131 is not allowed to access Snowflake. Contact your account administrator. For more information about this error, go to https://community.snowflake.com/s/ip-xxxxxxxxxxxx-is-not-allowed-to-access.", "taskName": null, "error_type": "DatabaseError", "error_message": "250001 (08001): Failed to connect to DB: ARA18269.east-us-2.azure.snowflakecomputing.com:443. Incoming request with IP/Token 67.254.143.131 is not allowed to access Snowflake. Contact your account administrator. For more information about this error, go to https://community.snowflake.com/s/ip-xxxxxxxxxxxx-is-not-allowed-to-access.", "stack_trace": "Traceback (most recent call last):\n  File \"C:\\Users\\BoddifordJohn\\Downloads\\Experiment\\Elli\\services\\ai_service.py\", line 111, in __init__\n    self.connection = snowflake.connector.connect(**conn_params)\n                      ~~~~~~~~~~~~~~~~~~~~~~~~~~~^^^^^^^^^^^^^^^\n  File \"C:\\Users\\BoddifordJohn\\AppData\\Local\\Packages\\PythonSoftwareFoundation.Python.3.13_qbz5n2kfra8p0\\LocalCache\\local-packages\\Python313\\site-packages\\snowflake\\connector\\__init__.py\", line 76, in Connect\n    return SnowflakeConnection(**kwargs)\n  File \"C:\\Users\\BoddifordJohn\\AppData\\Local\\Packages\\PythonSoftwareFoundation.Python.3.13_qbz5n2kfra8p0\\LocalCache\\local-packages\\Python313\\site-packages\\snowflake\\connector\\connection.py\", line 679, in __init__\n    self.connect(**kwargs)\n    ~~~~~~~~~~~~^^^^^^^^^^\n  File \"C:\\Users\\BoddifordJohn\\AppData\\Local\\Packages\\PythonSoftwareFoundation.Python.3.13_qbz5n2kfra8p0\\LocalCache\\local-packages\\Python313\\site-packages\\snowflake\\connector\\connection.py\", line 1174, in connect\n    self.__open_connection()\n    ~~~~~~~~~~~~~~~~~~~~~~^^\n  File \"C:\\Users\\BoddifordJohn\\AppData\\Local\\Packages\\PythonSoftwareFoundation.Python.3.13_qbz5n2kfra8p0\\LocalCache\\local-packages\\Python313\\site-packages\\snowflake\\connector\\connection.py\", line 1602, in __open_connection\n    self.authenticate_with_retry(self.auth_class)\n    ~~~~~~~~~~~~~~~~~~~~~~~~~~~~^^^^^^^^^^^^^^^^^\n  File \"C:\\Users\\BoddifordJohn\\AppData\\Local\\Packages\\PythonSoftwareFoundation.Python.3.13_qbz5n2kfra8p0\\LocalCache\\local-packages\\Python313\\site-packages\\snowflake\\connector\\connection.py\", line 1938, in authenticate_with_retry\n    self._authenticate(auth_instance)\n    ~~~~~~~~~~~~~~~~~~^^^^^^^^^^^^^^^\n  File \"C:\\Users\\BoddifordJohn\\AppData\\Local\\Packages\\PythonSoftwareFoundation.Python.3.13_qbz5n2kfra8p0\\LocalCache\\local-packages\\Python313\\site-packages\\snowflake\\connector\\connection.py\", line 1970, in _authenticate\n    auth.authenticate(\n    ~~~~~~~~~~~~~~~~~^\n        auth_instance=auth_instance,\n        ^^^^^^^^^^^^^^^^^^^^^^^^^^^^\n    ...<10 lines>...\n        session_parameters=self._session_parameters,\n        ^^^^^^^^^^^^^^^^^^^^^^^^^^^^^^^^^^^^^^^^^^^^\n    )\n    ^\n  File \"C:\\Users\\BoddifordJohn\\AppData\\Local\\Packages\\PythonSoftwareFoundation.Python.3.13_qbz5n2kfra8p0\\LocalCache\\local-packages\\Python313\\site-packages\\snowflake\\connector\\auth\\_auth.py\", line 442, in authenticate\n    Error.errorhandler_wrapper(\n    ~~~~~~~~~~~~~~~~~~~~~~~~~~^\n        self._rest._connection,\n        ^^^^^^^^^^^^^^^^^^^^^^^\n    ...<12 lines>...\n        },\n        ^^\n    )\n    ^\n  File \"C:\\Users\\BoddifordJohn\\AppData\\Local\\Packages\\PythonSoftwareFoundation.Python.3.13_qbz5n2kfra8p0\\LocalCache\\local-packages\\Python313\\site-packages\\snowflake\\connector\\errors.py\", line 298, in errorhandler_wrapper\n    handed_over = Error.hand_to_other_handler(\n        connection,\n    ...<2 lines>...\n        error_value,\n    )\n  File \"C:\\Users\\BoddifordJohn\\AppData\\Local\\Packages\\PythonSoftwareFoundation.Python.3.13_qbz5n2kfra8p0\\LocalCache\\local-packages\\Python313\\site-packages\\snowflake\\connector\\errors.py\", line 361, in hand_to_other_handler\n    connection.errorhandler(connection, cursor, error_class, error_value)\n    ~~~~~~~~~~~~~~~~~~~~~~~^^^^^^^^^^^^^^^^^^^^^^^^^^^^^^^^^^^^^^^^^^^^^^\n  File \"C:\\Users\\BoddifordJohn\\AppData\\Local\\Packages\\PythonSoftwareFoundation.Python.3.13_qbz5n2kfra8p0\\LocalCache\\local-packages\\Python313\\site-packages\\snowflake\\connector\\errors.py\", line 229, in default_errorhandler\n    raise error_class(\n    ...<10 lines>...\n    )\nsnowflake.connector.errors.DatabaseError: 250001 (08001): Failed to connect to DB: ARA18269.east-us-2.azure.snowflakecomputing.com:443. Incoming request with IP/Token 67.254.143.131 is not allowed to access Snowflake. Contact your account administrator. For more information about this error, go to https://community.snowflake.com/s/ip-xxxxxxxxxxxx-is-not-allowed-to-access.\n", "service": "ai", "method": "__init__"}
{"timestamp": "2026-02-04T04:57:12.292144", "level": "INFO", "logger": "elli", "message": "Snowflake credentials not found, using mock vector store", "taskName": null, "service": "vector_store", "mode": "mock"}
{"timestamp": "2026-02-04T04:57:12.292347", "level": "INFO", "logger": "elli", "message": "RAG service initialized (top_k=3)", "taskName": null, "top_k": 3}
{"timestamp": "2026-02-04T04:57:12.292645", "level": "INFO", "logger": "elli", "message": "Semantic memory initialized (interval=10)", "taskName": null, "service": "semantic_memory"}
{"timestamp": "2026-02-04T04:57:12.323882", "level": "INFO", "logger": "elli", "message": "Cortex Analyst initialized for agent DEAL_AGENT", "taskName": null, "service": "cortex_analyst", "mode": "real", "auth": "pat", "agent": "DEAL_AGENT", "database": "DEV_CURATE", "schema": "CORE"}
{"timestamp": "2026-02-04T04:57:17.254886", "level": "INFO", "logger": "elli", "message": "Access token refreshed successfully", "taskName": null, "service": "salesforce_oauth", "instance_url": "https://eldridge.my.salesforce.com"}
{"timestamp": "2026-02-04T04:57:17.256417", "level": "INFO", "logger": "elli", "message": "Connected to Salesforce API via OAuth refresh token", "taskName": null, "service": "salesforce", "mode": "real", "auth_method": "oauth_refresh", "instance_url": "https://eldridge.my.salesforce.com"}
{"timestamp": "2026-02-04T04:57:17.256774", "level": "INFO", "logger": "elli", "message": "Snowflake credentials not found, using mock vector store", "taskName": null, "service": "vector_store", "mode": "mock"}
{"timestamp": "2026-02-04T04:57:17.257349", "level": "INFO", "logger": "elli", "message": "Startup validation passed", "taskName": null, "service": "app", "phase": "startup", "warnings_count": 0}
{"timestamp": "2026-02-04T04:57:17.257577", "level": "INFO", "logger": "elli", "message": "Elli is starting...", "taskName": null, "service": "app", "phase": "startup"}
{"timestamp": "2026-02-04T04:59:40.357394", "level": "INFO", "logger": "elli", "message": "Company lookup requested: gopuff", "taskName": null, "service": "commands", "user_id": "U09FL7NTXCG", "company": "gopuff"}
{"timestamp": "2026-02-04T04:59:40.357889", "level": "INFO", "logger": "elli", "message": "Aggregating context for company: gopuff", "taskName": null, "service": "company_aggregator", "company": "gopuff"}
{"timestamp": "2026-02-04T04:59:41.233578", "level": "INFO", "logger": "elli", "message": "API call succeeded: salesforce.search_accounts (875ms)", "taskName": null, "service": "salesforce", "method": "search_accounts", "duration_ms": 875.08, "success": true, "error": null, "company_name": "gopuff", "results_count": 2}
{"timestamp": "2026-02-04T04:59:41.440680", "level": "INFO", "logger": "elli", "message": "API call succeeded: salesforce.search_opportunities (206ms)", "taskName": null, "service": "salesforce", "method": "search_opportunities", "duration_ms": 206.44, "success": true, "error": null, "company_name": "gopuff", "results_count": 1}
{"timestamp": "2026-02-04T04:59:41.684750", "level": "INFO", "logger": "elli", "message": "API call succeeded: salesforce.search_contacts (243ms)", "taskName": null, "service": "salesforce", "method": "search_contacts", "duration_ms": 243.31, "success": true, "error": null, "company_name": "gopuff", "account_id": null, "results_count": 5}
{"timestamp": "2026-02-04T04:59:41.685741", "level": "INFO", "logger": "elli", "message": "Context aggregation complete for gopuff", "taskName": null, "service": "company_aggregator", "company": "gopuff", "has_account": true, "opportunity_count": 1, "contact_count": 5, "kb_results": 0}
{"timestamp": "2026-02-04T05:11:13.366641", "level": "INFO", "logger": "elli", "message": "Received app mention from user U09FL7NTXCG", "taskName": null, "user_id": "U09FL7NTXCG", "channel_id": "C0ACRL827K7", "query": "<@U0A8MMCJWUE> what was the amount we lent to gopuff?"}
{"timestamp": "2026-02-04T05:11:13.681997", "level": "INFO", "logger": "elli", "message": "RAG search: 0 sources found (avg relevance: 0.00%)", "taskName": null, "query": "<@U0A8MMCJWUE> what was the amount we lent to gopuff?", "sources_found": 0, "avg_relevance": 0.0, "max_relevance": 0, "min_relevance": 0, "duration_ms": 0.0, "search_types": []}
{"timestamp": "2026-02-04T05:11:13.682765", "level": "INFO", "logger": "elli", "message": "No relevant chunks found, falling back to direct AI", "taskName": null, "query": "<@U0A8MMCJWUE> what was the amount we lent to gopuff?"}
{"timestamp": "2026-02-04T05:11:13.889303", "level": "INFO", "logger": "elli", "message": "Query succeeded: <@U0A8MMCJWUE> what was the amount we lent to gopuff?...", "taskName": null, "user_id": "U09FL7NTXCG", "query_type": "direct_ai", "duration_ms": 521.054744720459, "success": true}
{"timestamp": "2026-02-04T05:30:00.060992", "level": "INFO", "logger": "elli", "message": "Using key-pair authentication for Snowflake", "taskName": null, "service": "ai"}
{"timestamp": "2026-02-04T05:30:07.807819", "level": "ERROR", "logger": "elli", "message": "Could not connect to Snowflake: 250001 (08001): Failed to connect to DB: ARA18269.east-us-2.azure.snowflakecomputing.com:443. Incoming request with IP/Token 67.254.143.131 is not allowed to access Snowflake. Contact your account administrator. For more information about this error, go to https://community.snowflake.com/s/ip-xxxxxxxxxxxx-is-not-allowed-to-access.", "taskName": null, "service": "ai", "error": "250001 (08001): Failed to connect to DB: ARA18269.east-us-2.azure.snowflakecomputing.com:443. Incoming request with IP/Token 67.254.143.131 is not allowed to access Snowflake. Contact your account administrator. For more information about this error, go to https://community.snowflake.com/s/ip-xxxxxxxxxxxx-is-not-allowed-to-access."}
{"timestamp": "2026-02-04T05:30:07.810259", "level": "ERROR", "logger": "elli", "message": "Error: DatabaseError: 250001 (08001): Failed to connect to DB: ARA18269.east-us-2.azure.snowflakecomputing.com:443. Incoming request with IP/Token 67.254.143.131 is not allowed to access Snowflake. Contact your account administrator. For more information about this error, go to https://community.snowflake.com/s/ip-xxxxxxxxxxxx-is-not-allowed-to-access.", "taskName": null, "error_type": "DatabaseError", "error_message": "250001 (08001): Failed to connect to DB: ARA18269.east-us-2.azure.snowflakecomputing.com:443. Incoming request with IP/Token 67.254.143.131 is not allowed to access Snowflake. Contact your account administrator. For more information about this error, go to https://community.snowflake.com/s/ip-xxxxxxxxxxxx-is-not-allowed-to-access.", "stack_trace": "Traceback (most recent call last):\n  File \"C:\\Users\\BoddifordJohn\\Downloads\\Experiment\\Elli\\services\\ai_service.py\", line 111, in __init__\n    self.connection = snowflake.connector.connect(**conn_params)\n                      ~~~~~~~~~~~~~~~~~~~~~~~~~~~^^^^^^^^^^^^^^^\n  File \"C:\\Users\\BoddifordJohn\\AppData\\Local\\Packages\\PythonSoftwareFoundation.Python.3.13_qbz5n2kfra8p0\\LocalCache\\local-packages\\Python313\\site-packages\\snowflake\\connector\\__init__.py\", line 76, in Connect\n    return SnowflakeConnection(**kwargs)\n  File \"C:\\Users\\BoddifordJohn\\AppData\\Local\\Packages\\PythonSoftwareFoundation.Python.3.13_qbz5n2kfra8p0\\LocalCache\\local-packages\\Python313\\site-packages\\snowflake\\connector\\connection.py\", line 679, in __init__\n    self.connect(**kwargs)\n    ~~~~~~~~~~~~^^^^^^^^^^\n  File \"C:\\Users\\BoddifordJohn\\AppData\\Local\\Packages\\PythonSoftwareFoundation.Python.3.13_qbz5n2kfra8p0\\LocalCache\\local-packages\\Python313\\site-packages\\snowflake\\connector\\connection.py\", line 1174, in connect\n    self.__open_connection()\n    ~~~~~~~~~~~~~~~~~~~~~~^^\n  File \"C:\\Users\\BoddifordJohn\\AppData\\Local\\Packages\\PythonSoftwareFoundation.Python.3.13_qbz5n2kfra8p0\\LocalCache\\local-packages\\Python313\\site-packages\\snowflake\\connector\\connection.py\", line 1602, in __open_connection\n    self.authenticate_with_retry(self.auth_class)\n    ~~~~~~~~~~~~~~~~~~~~~~~~~~~~^^^^^^^^^^^^^^^^^\n  File \"C:\\Users\\BoddifordJohn\\AppData\\Local\\Packages\\PythonSoftwareFoundation.Python.3.13_qbz5n2kfra8p0\\LocalCache\\local-packages\\Python313\\site-packages\\snowflake\\connector\\connection.py\", line 1938, in authenticate_with_retry\n    self._authenticate(auth_instance)\n    ~~~~~~~~~~~~~~~~~~^^^^^^^^^^^^^^^\n  File \"C:\\Users\\BoddifordJohn\\AppData\\Local\\Packages\\PythonSoftwareFoundation.Python.3.13_qbz5n2kfra8p0\\LocalCache\\local-packages\\Python313\\site-packages\\snowflake\\connector\\connection.py\", line 1970, in _authenticate\n    auth.authenticate(\n    ~~~~~~~~~~~~~~~~~^\n        auth_instance=auth_instance,\n        ^^^^^^^^^^^^^^^^^^^^^^^^^^^^\n    ...<10 lines>...\n        session_parameters=self._session_parameters,\n        ^^^^^^^^^^^^^^^^^^^^^^^^^^^^^^^^^^^^^^^^^^^^\n    )\n    ^\n  File \"C:\\Users\\BoddifordJohn\\AppData\\Local\\Packages\\PythonSoftwareFoundation.Python.3.13_qbz5n2kfra8p0\\LocalCache\\local-packages\\Python313\\site-packages\\snowflake\\connector\\auth\\_auth.py\", line 442, in authenticate\n    Error.errorhandler_wrapper(\n    ~~~~~~~~~~~~~~~~~~~~~~~~~~^\n        self._rest._connection,\n        ^^^^^^^^^^^^^^^^^^^^^^^\n    ...<12 lines>...\n        },\n        ^^\n    )\n    ^\n  File \"C:\\Users\\BoddifordJohn\\AppData\\Local\\Packages\\PythonSoftwareFoundation.Python.3.13_qbz5n2kfra8p0\\LocalCache\\local-packages\\Python313\\site-packages\\snowflake\\connector\\errors.py\", line 298, in errorhandler_wrapper\n    handed_over = Error.hand_to_other_handler(\n        connection,\n    ...<2 lines>...\n        error_value,\n    )\n  File \"C:\\Users\\BoddifordJohn\\AppData\\Local\\Packages\\PythonSoftwareFoundation.Python.3.13_qbz5n2kfra8p0\\LocalCache\\local-packages\\Python313\\site-packages\\snowflake\\connector\\errors.py\", line 361, in hand_to_other_handler\n    connection.errorhandler(connection, cursor, error_class, error_value)\n    ~~~~~~~~~~~~~~~~~~~~~~~^^^^^^^^^^^^^^^^^^^^^^^^^^^^^^^^^^^^^^^^^^^^^^\n  File \"C:\\Users\\BoddifordJohn\\AppData\\Local\\Packages\\PythonSoftwareFoundation.Python.3.13_qbz5n2kfra8p0\\LocalCache\\local-packages\\Python313\\site-packages\\snowflake\\connector\\errors.py\", line 229, in default_errorhandler\n    raise error_class(\n    ...<10 lines>...\n    )\nsnowflake.connector.errors.DatabaseError: 250001 (08001): Failed to connect to DB: ARA18269.east-us-2.azure.snowflakecomputing.com:443. Incoming request with IP/Token 67.254.143.131 is not allowed to access Snowflake. Contact your account administrator. For more information about this error, go to https://community.snowflake.com/s/ip-xxxxxxxxxxxx-is-not-allowed-to-access.\n", "service": "ai", "method": "__init__"}
{"timestamp": "2026-02-04T05:30:07.810754", "level": "INFO", "logger": "elli", "message": "Snowflake credentials not found, using mock vector store", "taskName": null, "service": "vector_store", "mode": "mock"}
{"timestamp": "2026-02-04T05:30:07.810904", "level": "INFO", "logger": "elli", "message": "RAG service initialized (top_k=3)", "taskName": null, "top_k": 3}
{"timestamp": "2026-02-04T05:30:07.811040", "level": "INFO", "logger": "elli", "message": "Semantic memory initialized (interval=10)", "taskName": null, "service": "semantic_memory"}
{"timestamp": "2026-02-04T05:30:07.842677", "level": "INFO", "logger": "elli", "message": "Cortex Analyst initialized for agent DEAL_AGENT", "taskName": null, "service": "cortex_analyst", "mode": "real", "auth": "pat", "agent": "DEAL_AGENT", "database": "DEV_CURATE", "schema": "CORE"}
{"timestamp": "2026-02-04T05:30:12.950630", "level": "INFO", "logger": "elli", "message": "Access token refreshed successfully", "taskName": null, "service": "salesforce_oauth", "instance_url": "https://eldridge.my.salesforce.com"}
{"timestamp": "2026-02-04T05:30:12.952516", "level": "INFO", "logger": "elli", "message": "Connected to Salesforce API via OAuth refresh token", "taskName": null, "service": "salesforce", "mode": "real", "auth_method": "oauth_refresh", "instance_url": "https://eldridge.my.salesforce.com"}
{"timestamp": "2026-02-04T05:30:12.952820", "level": "INFO", "logger": "elli", "message": "Snowflake credentials not found, using mock vector store", "taskName": null, "service": "vector_store", "mode": "mock"}
{"timestamp": "2026-02-04T05:30:12.953332", "level": "INFO", "logger": "elli", "message": "Startup validation passed", "taskName": null, "service": "app", "phase": "startup", "warnings_count": 0}
{"timestamp": "2026-02-04T05:30:12.953536", "level": "INFO", "logger": "elli", "message": "Elli is starting...", "taskName": null, "service": "app", "phase": "startup"}
{"timestamp": "2026-02-04T05:30:40.019322", "level": "INFO", "logger": "elli", "message": "Received app mention from user U09FL7NTXCG", "taskName": null, "user_id": "U09FL7NTXCG", "channel_id": "C0ACRL827K7", "query": "<@U0A8MMCJWUE> hi"}
{"timestamp": "2026-02-04T05:30:40.504583", "level": "INFO", "logger": "elli", "message": "Query succeeded: <@U0A8MMCJWUE> hi...", "taskName": null, "user_id": "U09FL7NTXCG", "query_type": "direct_ai", "duration_ms": 484.62581634521484, "success": true}
{"timestamp": "2026-02-04T05:30:59.489118", "level": "INFO", "logger": "elli", "message": "Deal Agent query from user U09FL7NTXCG: what is metropolis ebitda", "taskName": null, "service": "commands", "user_id": "U09FL7NTXCG", "command": "ask-deal-agent"}
{"timestamp": "2026-02-04T05:31:00.693510", "level": "ERROR", "logger": "elli", "message": "API error: 401 - {\n  \"code\" : \"390422\",\n  \"message\" : \"Incoming request with IP/Token 67.254.143.131 is not allowed to access Snowflake. Contact your account administrator. For more information about this error, go to https://community.snowflake.com/s/ip-xxxxxxxxxxxx-is-not-allowed-to-access.\"\n}", "taskName": null, "service": "cortex_analyst", "status_code": 401, "endpoint": "https://ARA18269.east-us-2.azure.snowflakecomputing.com/api/v2/databases/DEV_CURATE/schemas/CORE/agents/DEAL_AGENT:run"}
{"timestamp": "2026-02-04T05:31:00.696555", "level": "INFO", "logger": "elli", "message": "Query failed: what is metropolis ebitda...", "taskName": null, "user_id": "U09FL7NTXCG", "query_type": "cortex_analyst", "duration_ms": 1206.6600322723389, "success": false}
{"timestamp": "2026-02-04T05:33:25.386066", "level": "INFO", "logger": "elli", "message": "Parsed deal message", "taskName": null, "service": "deal_parser", "opportunity_name": "Edmentum Transaction Type: New platform - Refinance Strategy: Private Credit (MM &amp; DCF) Sponsor: Vistria Group Sourc", "strategy": "Corporate Credit", "security_type": "Delay Draw Term Loan", "stage": "Initial Review", "confidence": 1.0, "fields_found": 5}
{"timestamp": "2026-02-04T05:33:25.386803", "level": "INFO", "logger": "elli", "message": "Parsed deal from thread reply", "taskName": null, "service": "messages", "user_id": "U09FL7NTXCG", "parsed_data": {"opportunity_name": "Edmentum Transaction Type: New platform - Refinance Strategy: Private Credit (MM &amp; DCF) Sponsor: Vistria Group Sourc", "strategy": "Corporate Credit", "security_type": "Delay Draw Term Loan", "stage": "Initial Review", "close_date": "2026-03-31", "amount": 500000000, "company_name": null, "source": "the HoldCo PIK Note based", "sponsor": "Vistria Group", "transaction_type": "New platform - Refinance Strategy: Private Credit (MM &amp; DCF) Sponsor: Vistria Group Source / Banker: Houlihan Lokey (Dan Diorio) Seller: N/A (Refinancing) Internal Referrer: / Initial Deal Rating: 3 Industry Team: (Consumer - Education) Salesforce Entry: Transaction Background / Capital Structure: \u2022 Vistria purchased a majority stake in Edmentum in December 2020 from New Mountain &amp; Blackrock (both reinvested as minority shareholders) \u25e6 $500M+ of cash equity is invested in the business \u2022 ", "confidence": 1.0}}
{"timestamp": "2026-02-04T05:33:25.410767", "level": "INFO", "logger": "elli", "message": "Created deal session for user U09FL7NTXCG", "taskName": null, "service": "messages", "user_id": "U09FL7NTXCG", "company": "Edmentum Transaction Type: New platform - Refinance Strategy: Private Credit (MM &amp; DCF) Sponsor: Vistria Group Sourc", "business_unit": "default", "record_type_id": null}
{"timestamp": "2026-02-04T05:34:05.595735", "level": "INFO", "logger": "elli", "message": "Deleted deal session for user U09FL7NTXCG", "taskName": null, "service": "messages", "user_id": "U09FL7NTXCG"}
{"timestamp": "2026-02-06T15:34:29.435983", "level": "INFO", "logger": "elli", "message": "Using key-pair authentication for Snowflake", "taskName": null, "service": "ai"}
{"timestamp": "2026-02-06T15:34:31.070318", "level": "ERROR", "logger": "elli", "message": "Could not connect to Snowflake: 250001 (08001): Failed to connect to DB: ARA18269.east-us-2.azure.snowflakecomputing.com:443. Incoming request with IP/Token 192.154.116.228 is not allowed to access Snowflake. Contact your account administrator. For more information about this error, go to https://community.snowflake.com/s/ip-xxxxxxxxxxxx-is-not-allowed-to-access.", "taskName": null, "service": "ai", "error": "250001 (08001): Failed to connect to DB: ARA18269.east-us-2.azure.snowflakecomputing.com:443. Incoming request with IP/Token 192.154.116.228 is not allowed to access Snowflake. Contact your account administrator. For more information about this error, go to https://community.snowflake.com/s/ip-xxxxxxxxxxxx-is-not-allowed-to-access."}
{"timestamp": "2026-02-06T15:34:31.073346", "level": "ERROR", "logger": "elli", "message": "Error: DatabaseError: 250001 (08001): Failed to connect to DB: ARA18269.east-us-2.azure.snowflakecomputing.com:443. Incoming request with IP/Token 192.154.116.228 is not allowed to access Snowflake. Contact your account administrator. For more information about this error, go to https://community.snowflake.com/s/ip-xxxxxxxxxxxx-is-not-allowed-to-access.", "taskName": null, "error_type": "DatabaseError", "error_message": "250001 (08001): Failed to connect to DB: ARA18269.east-us-2.azure.snowflakecomputing.com:443. Incoming request with IP/Token 192.154.116.228 is not allowed to access Snowflake. Contact your account administrator. For more information about this error, go to https://community.snowflake.com/s/ip-xxxxxxxxxxxx-is-not-allowed-to-access.", "stack_trace": "Traceback (most recent call last):\n  File \"C:\\Users\\BoddifordJohn\\Downloads\\Experiment\\Elli\\services\\ai_service.py\", line 111, in __init__\n    self.connection = snowflake.connector.connect(**conn_params)\n                      ~~~~~~~~~~~~~~~~~~~~~~~~~~~^^^^^^^^^^^^^^^\n  File \"C:\\Users\\BoddifordJohn\\AppData\\Local\\Packages\\PythonSoftwareFoundation.Python.3.13_qbz5n2kfra8p0\\LocalCache\\local-packages\\Python313\\site-packages\\snowflake\\connector\\__init__.py\", line 76, in Connect\n    return SnowflakeConnection(**kwargs)\n  File \"C:\\Users\\BoddifordJohn\\AppData\\Local\\Packages\\PythonSoftwareFoundation.Python.3.13_qbz5n2kfra8p0\\LocalCache\\local-packages\\Python313\\site-packages\\snowflake\\connector\\connection.py\", line 679, in __init__\n    self.connect(**kwargs)\n    ~~~~~~~~~~~~^^^^^^^^^^\n  File \"C:\\Users\\BoddifordJohn\\AppData\\Local\\Packages\\PythonSoftwareFoundation.Python.3.13_qbz5n2kfra8p0\\LocalCache\\local-packages\\Python313\\site-packages\\snowflake\\connector\\connection.py\", line 1174, in connect\n    self.__open_connection()\n    ~~~~~~~~~~~~~~~~~~~~~~^^\n  File \"C:\\Users\\BoddifordJohn\\AppData\\Local\\Packages\\PythonSoftwareFoundation.Python.3.13_qbz5n2kfra8p0\\LocalCache\\local-packages\\Python313\\site-packages\\snowflake\\connector\\connection.py\", line 1602, in __open_connection\n    self.authenticate_with_retry(self.auth_class)\n    ~~~~~~~~~~~~~~~~~~~~~~~~~~~~^^^^^^^^^^^^^^^^^\n  File \"C:\\Users\\BoddifordJohn\\AppData\\Local\\Packages\\PythonSoftwareFoundation.Python.3.13_qbz5n2kfra8p0\\LocalCache\\local-packages\\Python313\\site-packages\\snowflake\\connector\\connection.py\", line 1938, in authenticate_with_retry\n    self._authenticate(auth_instance)\n    ~~~~~~~~~~~~~~~~~~^^^^^^^^^^^^^^^\n  File \"C:\\Users\\BoddifordJohn\\AppData\\Local\\Packages\\PythonSoftwareFoundation.Python.3.13_qbz5n2kfra8p0\\LocalCache\\local-packages\\Python313\\site-packages\\snowflake\\connector\\connection.py\", line 1970, in _authenticate\n    auth.authenticate(\n    ~~~~~~~~~~~~~~~~~^\n        auth_instance=auth_instance,\n        ^^^^^^^^^^^^^^^^^^^^^^^^^^^^\n    ...<10 lines>...\n        session_parameters=self._session_parameters,\n        ^^^^^^^^^^^^^^^^^^^^^^^^^^^^^^^^^^^^^^^^^^^^\n    )\n    ^\n  File \"C:\\Users\\BoddifordJohn\\AppData\\Local\\Packages\\PythonSoftwareFoundation.Python.3.13_qbz5n2kfra8p0\\LocalCache\\local-packages\\Python313\\site-packages\\snowflake\\connector\\auth\\_auth.py\", line 442, in authenticate\n    Error.errorhandler_wrapper(\n    ~~~~~~~~~~~~~~~~~~~~~~~~~~^\n        self._rest._connection,\n        ^^^^^^^^^^^^^^^^^^^^^^^\n    ...<12 lines>...\n        },\n        ^^\n    )\n    ^\n  File \"C:\\Users\\BoddifordJohn\\AppData\\Local\\Packages\\PythonSoftwareFoundation.Python.3.13_qbz5n2kfra8p0\\LocalCache\\local-packages\\Python313\\site-packages\\snowflake\\connector\\errors.py\", line 298, in errorhandler_wrapper\n    handed_over = Error.hand_to_other_handler(\n        connection,\n    ...<2 lines>...\n        error_value,\n    )\n  File \"C:\\Users\\BoddifordJohn\\AppData\\Local\\Packages\\PythonSoftwareFoundation.Python.3.13_qbz5n2kfra8p0\\LocalCache\\local-packages\\Python313\\site-packages\\snowflake\\connector\\errors.py\", line 361, in hand_to_other_handler\n    connection.errorhandler(connection, cursor, error_class, error_value)\n    ~~~~~~~~~~~~~~~~~~~~~~~^^^^^^^^^^^^^^^^^^^^^^^^^^^^^^^^^^^^^^^^^^^^^^\n  File \"C:\\Users\\BoddifordJohn\\AppData\\Local\\Packages\\PythonSoftwareFoundation.Python.3.13_qbz5n2kfra8p0\\LocalCache\\local-packages\\Python313\\site-packages\\snowflake\\connector\\errors.py\", line 229, in default_errorhandler\n    raise error_class(\n    ...<10 lines>...\n    )\nsnowflake.connector.errors.DatabaseError: 250001 (08001): Failed to connect to DB: ARA18269.east-us-2.azure.snowflakecomputing.com:443. Incoming request with IP/Token 192.154.116.228 is not allowed to access Snowflake. Contact your account administrator. For more information about this error, go to https://community.snowflake.com/s/ip-xxxxxxxxxxxx-is-not-allowed-to-access.\n", "service": "ai", "method": "__init__"}
{"timestamp": "2026-02-06T15:34:31.073593", "level": "INFO", "logger": "elli", "message": "Snowflake credentials not found, using mock vector store", "taskName": null, "service": "vector_store", "mode": "mock"}
{"timestamp": "2026-02-06T15:34:31.073745", "level": "INFO", "logger": "elli", "message": "RAG service initialized (top_k=3)", "taskName": null, "top_k": 3}
{"timestamp": "2026-02-06T15:34:31.073942", "level": "INFO", "logger": "elli", "message": "Semantic memory initialized (interval=10)", "taskName": null, "service": "semantic_memory"}
{"timestamp": "2026-02-06T15:34:31.121582", "level": "INFO", "logger": "elli", "message": "Cortex Analyst initialized for agent DEAL_AGENT", "taskName": null, "service": "cortex_analyst", "mode": "real", "auth": "pat", "agent": "DEAL_AGENT", "database": "DEV_CURATE", "schema": "CORE"}
{"timestamp": "2026-02-06T15:34:34.393882", "level": "INFO", "logger": "elli", "message": "Access token refreshed successfully", "taskName": null, "service": "salesforce_oauth", "instance_url": "https://eldridge.my.salesforce.com"}
{"timestamp": "2026-02-06T15:34:34.395076", "level": "INFO", "logger": "elli", "message": "Connected to Salesforce API via OAuth refresh token", "taskName": null, "service": "salesforce", "mode": "real", "auth_method": "oauth_refresh", "instance_url": "https://eldridge.my.salesforce.com"}
{"timestamp": "2026-02-06T15:34:34.395275", "level": "INFO", "logger": "elli", "message": "Snowflake credentials not found, using mock vector store", "taskName": null, "service": "vector_store", "mode": "mock"}
{"timestamp": "2026-02-06T15:34:34.395796", "level": "INFO", "logger": "elli", "message": "Startup validation passed", "taskName": null, "service": "app", "phase": "startup", "warnings_count": 0}
{"timestamp": "2026-02-06T15:34:34.395940", "level": "INFO", "logger": "elli", "message": "Elli is starting...", "taskName": null, "service": "app", "phase": "startup"}
{"timestamp": "2026-02-06T15:35:28.622811", "level": "INFO", "logger": "elli", "message": "Parsed deal message", "taskName": null, "service": "deal_parser", "opportunity_name": "Edmentum Transaction Type: New platform - Refinance Strategy: Private Credit (MM &amp; DCF) Sponsor: Vistria Group Sourc", "strategy": "Corporate Credit", "security_type": "Delay Draw Term Loan", "stage": "Initial Review", "confidence": 1.0, "fields_found": 5}
{"timestamp": "2026-02-06T15:35:28.623140", "level": "INFO", "logger": "elli", "message": "Parsed deal from thread reply", "taskName": null, "service": "messages", "user_id": "U09FL7NTXCG", "parsed_data": {"opportunity_name": "Edmentum Transaction Type: New platform - Refinance Strategy: Private Credit (MM &amp; DCF) Sponsor: Vistria Group Sourc", "strategy": "Corporate Credit", "security_type": "Delay Draw Term Loan", "stage": "Initial Review", "close_date": "2026-03-31", "amount": 500000000, "company_name": null, "source": "the HoldCo PIK Note based", "sponsor": "Vistria Group", "transaction_type": "New platform - Refinance Strategy: Private Credit (MM &amp; DCF) Sponsor: Vistria Group Source / Banker: Houlihan Lokey (Dan Diorio) Seller: N/A (Refinancing) Internal Referrer: / Initial Deal Rating: 3 Industry Team: (Consumer - Education) Salesforce Entry: Transaction Background / Capital Structure: \u2022 Vistria purchased a majority stake in Edmentum in December 2020 from New Mountain &amp; Blackrock (both reinvested as minority shareholders) \u25e6 $500M+ of cash equity is invested in the business \u2022 ", "confidence": 1.0}}
{"timestamp": "2026-02-06T15:35:28.681997", "level": "INFO", "logger": "elli", "message": "Created deal session for user U09FL7NTXCG", "taskName": null, "service": "messages", "user_id": "U09FL7NTXCG", "company": "Edmentum Transaction Type: New platform - Refinance Strategy: Private Credit (MM &amp; DCF) Sponsor: Vistria Group Sourc", "business_unit": "default", "record_type_id": null}
{"timestamp": "2026-02-06T15:38:16.422287", "level": "INFO", "logger": "elli", "message": "Deal Agent query from user U09FL7NTXCG: what were the top ten deals by EBITDA in 2025", "taskName": null, "service": "commands", "user_id": "U09FL7NTXCG", "command": "ask-deal-agent"}
{"timestamp": "2026-02-06T15:38:17.325377", "level": "ERROR", "logger": "elli", "message": "API error: 401 - {\n  \"code\" : \"390422\",\n  \"message\" : \"Incoming request with IP/Token 192.154.116.228 is not allowed to access Snowflake. Contact your account administrator. For more information about this error, go to https://community.snowflake.com/s/ip-xxxxxxxxxxxx-is-not-allowed-to-access.\"\n}", "taskName": null, "service": "cortex_analyst", "status_code": 401, "endpoint": "https://ARA18269.east-us-2.azure.snowflakecomputing.com/api/v2/databases/DEV_CURATE/schemas/CORE/agents/DEAL_AGENT:run"}
{"timestamp": "2026-02-06T15:38:17.329304", "level": "INFO", "logger": "elli", "message": "Query failed: what were the top ten deals by EBITDA in 2025...", "taskName": null, "user_id": "U09FL7NTXCG", "query_type": "cortex_analyst", "duration_ms": 904.7658443450928, "success": false}
{"timestamp": "2026-02-06T15:38:40.712329", "level": "INFO", "logger": "elli", "message": "Company lookup requested: Draftkings", "taskName": null, "service": "commands", "user_id": "U09FL7NTXCG", "company": "Draftkings"}
{"timestamp": "2026-02-06T15:38:40.712749", "level": "INFO", "logger": "elli", "message": "Aggregating context for company: Draftkings", "taskName": null, "service": "company_aggregator", "company": "Draftkings"}
{"timestamp": "2026-02-06T15:38:41.619253", "level": "INFO", "logger": "elli", "message": "API call succeeded: salesforce.search_accounts (906ms)", "taskName": null, "service": "salesforce", "method": "search_accounts", "duration_ms": 906.09, "success": true, "error": null, "company_name": "Draftkings", "results_count": 2}
{"timestamp": "2026-02-06T15:38:42.266396", "level": "INFO", "logger": "elli", "message": "API call succeeded: salesforce.search_opportunities (646ms)", "taskName": null, "service": "salesforce", "method": "search_opportunities", "duration_ms": 646.4, "success": true, "error": null, "company_name": "Draftkings", "results_count": 1}
{"timestamp": "2026-02-06T15:38:42.511013", "level": "INFO", "logger": "elli", "message": "API call succeeded: salesforce.search_contacts (244ms)", "taskName": null, "service": "salesforce", "method": "search_contacts", "duration_ms": 243.95, "success": true, "error": null, "company_name": "Draftkings", "account_id": null, "results_count": 6}
{"timestamp": "2026-02-06T15:38:42.511482", "level": "INFO", "logger": "elli", "message": "Context aggregation complete for Draftkings", "taskName": null, "service": "company_aggregator", "company": "Draftkings", "has_account": true, "opportunity_count": 1, "contact_count": 6, "kb_results": 0}
{"timestamp": "2026-02-06T21:52:06.509428", "level": "INFO", "logger": "elli", "message": "Using key-pair authentication for Snowflake", "taskName": null, "service": "ai"}
{"timestamp": "2026-02-06T21:52:08.309110", "level": "ERROR", "logger": "elli", "message": "Could not connect to Snowflake: 250001 (08001): Failed to connect to DB: ARA18269.east-us-2.azure.snowflakecomputing.com:443. JWT token is invalid. [df5f632a-7646-419f-b26a-051b99c35b60]", "taskName": null, "service": "ai", "error": "250001 (08001): Failed to connect to DB: ARA18269.east-us-2.azure.snowflakecomputing.com:443. JWT token is invalid. [df5f632a-7646-419f-b26a-051b99c35b60]"}
{"timestamp": "2026-02-06T21:52:08.316667", "level": "ERROR", "logger": "elli", "message": "Error: DatabaseError: 250001 (08001): Failed to connect to DB: ARA18269.east-us-2.azure.snowflakecomputing.com:443. JWT token is invalid. [df5f632a-7646-419f-b26a-051b99c35b60]", "taskName": null, "error_type": "DatabaseError", "error_message": "250001 (08001): Failed to connect to DB: ARA18269.east-us-2.azure.snowflakecomputing.com:443. JWT token is invalid. [df5f632a-7646-419f-b26a-051b99c35b60]", "stack_trace": "Traceback (most recent call last):\n  File \"C:\\Users\\BoddifordJohn\\Downloads\\Experiment\\Elli\\services\\ai_service.py\", line 111, in __init__\n    self.connection = snowflake.connector.connect(**conn_params)\n                      ~~~~~~~~~~~~~~~~~~~~~~~~~~~^^^^^^^^^^^^^^^\n  File \"C:\\Users\\BoddifordJohn\\AppData\\Local\\Packages\\PythonSoftwareFoundation.Python.3.13_qbz5n2kfra8p0\\LocalCache\\local-packages\\Python313\\site-packages\\snowflake\\connector\\__init__.py\", line 76, in Connect\n    return SnowflakeConnection(**kwargs)\n  File \"C:\\Users\\BoddifordJohn\\AppData\\Local\\Packages\\PythonSoftwareFoundation.Python.3.13_qbz5n2kfra8p0\\LocalCache\\local-packages\\Python313\\site-packages\\snowflake\\connector\\connection.py\", line 679, in __init__\n    self.connect(**kwargs)\n    ~~~~~~~~~~~~^^^^^^^^^^\n  File \"C:\\Users\\BoddifordJohn\\AppData\\Local\\Packages\\PythonSoftwareFoundation.Python.3.13_qbz5n2kfra8p0\\LocalCache\\local-packages\\Python313\\site-packages\\snowflake\\connector\\connection.py\", line 1174, in connect\n    self.__open_connection()\n    ~~~~~~~~~~~~~~~~~~~~~~^^\n  File \"C:\\Users\\BoddifordJohn\\AppData\\Local\\Packages\\PythonSoftwareFoundation.Python.3.13_qbz5n2kfra8p0\\LocalCache\\local-packages\\Python313\\site-packages\\snowflake\\connector\\connection.py\", line 1602, in __open_connection\n    self.authenticate_with_retry(self.auth_class)\n    ~~~~~~~~~~~~~~~~~~~~~~~~~~~~^^^^^^^^^^^^^^^^^\n  File \"C:\\Users\\BoddifordJohn\\AppData\\Local\\Packages\\PythonSoftwareFoundation.Python.3.13_qbz5n2kfra8p0\\LocalCache\\local-packages\\Python313\\site-packages\\snowflake\\connector\\connection.py\", line 1938, in authenticate_with_retry\n    self._authenticate(auth_instance)\n    ~~~~~~~~~~~~~~~~~~^^^^^^^^^^^^^^^\n  File \"C:\\Users\\BoddifordJohn\\AppData\\Local\\Packages\\PythonSoftwareFoundation.Python.3.13_qbz5n2kfra8p0\\LocalCache\\local-packages\\Python313\\site-packages\\snowflake\\connector\\connection.py\", line 1970, in _authenticate\n    auth.authenticate(\n    ~~~~~~~~~~~~~~~~~^\n        auth_instance=auth_instance,\n        ^^^^^^^^^^^^^^^^^^^^^^^^^^^^\n    ...<10 lines>...\n        session_parameters=self._session_parameters,\n        ^^^^^^^^^^^^^^^^^^^^^^^^^^^^^^^^^^^^^^^^^^^^\n    )\n    ^\n  File \"C:\\Users\\BoddifordJohn\\AppData\\Local\\Packages\\PythonSoftwareFoundation.Python.3.13_qbz5n2kfra8p0\\LocalCache\\local-packages\\Python313\\site-packages\\snowflake\\connector\\auth\\_auth.py\", line 442, in authenticate\n    Error.errorhandler_wrapper(\n    ~~~~~~~~~~~~~~~~~~~~~~~~~~^\n        self._rest._connection,\n        ^^^^^^^^^^^^^^^^^^^^^^^\n    ...<12 lines>...\n        },\n        ^^\n    )\n    ^\n  File \"C:\\Users\\BoddifordJohn\\AppData\\Local\\Packages\\PythonSoftwareFoundation.Python.3.13_qbz5n2kfra8p0\\LocalCache\\local-packages\\Python313\\site-packages\\snowflake\\connector\\errors.py\", line 298, in errorhandler_wrapper\n    handed_over = Error.hand_to_other_handler(\n        connection,\n    ...<2 lines>...\n        error_value,\n    )\n  File \"C:\\Users\\BoddifordJohn\\AppData\\Local\\Packages\\PythonSoftwareFoundation.Python.3.13_qbz5n2kfra8p0\\LocalCache\\local-packages\\Python313\\site-packages\\snowflake\\connector\\errors.py\", line 361, in hand_to_other_handler\n    connection.errorhandler(connection, cursor, error_class, error_value)\n    ~~~~~~~~~~~~~~~~~~~~~~~^^^^^^^^^^^^^^^^^^^^^^^^^^^^^^^^^^^^^^^^^^^^^^\n  File \"C:\\Users\\BoddifordJohn\\AppData\\Local\\Packages\\PythonSoftwareFoundation.Python.3.13_qbz5n2kfra8p0\\LocalCache\\local-packages\\Python313\\site-packages\\snowflake\\connector\\errors.py\", line 229, in default_errorhandler\n    raise error_class(\n    ...<10 lines>...\n    )\nsnowflake.connector.errors.DatabaseError: 250001 (08001): Failed to connect to DB: ARA18269.east-us-2.azure.snowflakecomputing.com:443. JWT token is invalid. [df5f632a-7646-419f-b26a-051b99c35b60]\n", "service": "ai", "method": "__init__"}
{"timestamp": "2026-02-06T21:52:08.318417", "level": "INFO", "logger": "elli", "message": "Snowflake credentials not found, using mock vector store", "taskName": null, "service": "vector_store", "mode": "mock"}
{"timestamp": "2026-02-06T21:52:08.318882", "level": "INFO", "logger": "elli", "message": "RAG service initialized (top_k=3)", "taskName": null, "top_k": 3}
{"timestamp": "2026-02-06T21:52:08.319388", "level": "INFO", "logger": "elli", "message": "Semantic memory initialized (interval=10)", "taskName": null, "service": "semantic_memory"}
{"timestamp": "2026-02-06T21:52:08.412250", "level": "INFO", "logger": "elli", "message": "Cortex Analyst initialized for agent DEAL_AGENT", "taskName": null, "service": "cortex_analyst", "mode": "real", "auth": "pat", "agent": "DEAL_AGENT", "database": "DEV_CURATE", "schema": "CORE"}
{"timestamp": "2026-02-06T21:52:13.503142", "level": "INFO", "logger": "elli", "message": "Access token refreshed successfully", "taskName": null, "service": "salesforce_oauth", "instance_url": "https://eldridge.my.salesforce.com"}
{"timestamp": "2026-02-06T21:52:13.507414", "level": "INFO", "logger": "elli", "message": "Connected to Salesforce API via OAuth refresh token", "taskName": null, "service": "salesforce", "mode": "real", "auth_method": "oauth_refresh", "instance_url": "https://eldridge.my.salesforce.com"}
{"timestamp": "2026-02-06T21:52:13.508072", "level": "INFO", "logger": "elli", "message": "Snowflake credentials not found, using mock vector store", "taskName": null, "service": "vector_store", "mode": "mock"}
{"timestamp": "2026-02-06T21:52:13.508984", "level": "INFO", "logger": "elli", "message": "Startup validation passed", "taskName": null, "service": "app", "phase": "startup", "warnings_count": 0}
{"timestamp": "2026-02-06T21:52:13.509582", "level": "INFO", "logger": "elli", "message": "Elli is starting...", "taskName": null, "service": "app", "phase": "startup"}
{"timestamp": "2026-02-06T21:55:33.200563", "level": "INFO", "logger": "elli", "message": "Deal Agent query from user U09FL7NTXCG: what were the top ten deals in 2025 by EBITDA?", "taskName": null, "service": "commands", "user_id": "U09FL7NTXCG", "command": "ask-deal-agent"}
{"timestamp": "2026-02-06T21:55:34.259189", "level": "ERROR", "logger": "elli", "message": "API error: 401 - {\n  \"code\" : \"390432\",\n  \"message\" : \"Fail : Network policy is required.\"\n}", "taskName": null, "service": "cortex_analyst", "status_code": 401, "endpoint": "https://ARA18269.east-us-2.azure.snowflakecomputing.com/api/v2/databases/DEV_CURATE/schemas/CORE/agents/DEAL_AGENT:run"}
{"timestamp": "2026-02-06T21:55:34.264464", "level": "INFO", "logger": "elli", "message": "Query failed: what were the top ten deals in 2025 by EBITDA?...", "taskName": null, "user_id": "U09FL7NTXCG", "query_type": "cortex_analyst", "duration_ms": 1062.2689723968506, "success": false}
{"timestamp": "2026-02-07T17:06:59.494703", "level": "INFO", "logger": "elli", "message": "Using key-pair authentication for Snowflake", "taskName": null, "service": "ai"}
{"timestamp": "2026-02-07T17:07:01.371852", "level": "ERROR", "logger": "elli", "message": "Could not connect to Snowflake: 250001 (08001): Failed to connect to DB: ARA18269.east-us-2.azure.snowflakecomputing.com:443. JWT token is invalid. [fd97cf84-972e-42bb-a46d-5e6b7bd8084f]", "taskName": null, "service": "ai", "error": "250001 (08001): Failed to connect to DB: ARA18269.east-us-2.azure.snowflakecomputing.com:443. JWT token is invalid. [fd97cf84-972e-42bb-a46d-5e6b7bd8084f]"}
{"timestamp": "2026-02-07T17:07:01.374759", "level": "ERROR", "logger": "elli", "message": "Error: DatabaseError: 250001 (08001): Failed to connect to DB: ARA18269.east-us-2.azure.snowflakecomputing.com:443. JWT token is invalid. [fd97cf84-972e-42bb-a46d-5e6b7bd8084f]", "taskName": null, "error_type": "DatabaseError", "error_message": "250001 (08001): Failed to connect to DB: ARA18269.east-us-2.azure.snowflakecomputing.com:443. JWT token is invalid. [fd97cf84-972e-42bb-a46d-5e6b7bd8084f]", "stack_trace": "Traceback (most recent call last):\n  File \"C:\\Users\\BoddifordJohn\\Downloads\\Experiment\\Elli\\services\\ai_service.py\", line 111, in __init__\n    self.connection = snowflake.connector.connect(**conn_params)\n                      ~~~~~~~~~~~~~~~~~~~~~~~~~~~^^^^^^^^^^^^^^^\n  File \"C:\\Users\\BoddifordJohn\\AppData\\Local\\Packages\\PythonSoftwareFoundation.Python.3.13_qbz5n2kfra8p0\\LocalCache\\local-packages\\Python313\\site-packages\\snowflake\\connector\\__init__.py\", line 76, in Connect\n    return SnowflakeConnection(**kwargs)\n  File \"C:\\Users\\BoddifordJohn\\AppData\\Local\\Packages\\PythonSoftwareFoundation.Python.3.13_qbz5n2kfra8p0\\LocalCache\\local-packages\\Python313\\site-packages\\snowflake\\connector\\connection.py\", line 679, in __init__\n    self.connect(**kwargs)\n    ~~~~~~~~~~~~^^^^^^^^^^\n  File \"C:\\Users\\BoddifordJohn\\AppData\\Local\\Packages\\PythonSoftwareFoundation.Python.3.13_qbz5n2kfra8p0\\LocalCache\\local-packages\\Python313\\site-packages\\snowflake\\connector\\connection.py\", line 1174, in connect\n    self.__open_connection()\n    ~~~~~~~~~~~~~~~~~~~~~~^^\n  File \"C:\\Users\\BoddifordJohn\\AppData\\Local\\Packages\\PythonSoftwareFoundation.Python.3.13_qbz5n2kfra8p0\\LocalCache\\local-packages\\Python313\\site-packages\\snowflake\\connector\\connection.py\", line 1602, in __open_connection\n    self.authenticate_with_retry(self.auth_class)\n    ~~~~~~~~~~~~~~~~~~~~~~~~~~~~^^^^^^^^^^^^^^^^^\n  File \"C:\\Users\\BoddifordJohn\\AppData\\Local\\Packages\\PythonSoftwareFoundation.Python.3.13_qbz5n2kfra8p0\\LocalCache\\local-packages\\Python313\\site-packages\\snowflake\\connector\\connection.py\", line 1938, in authenticate_with_retry\n    self._authenticate(auth_instance)\n    ~~~~~~~~~~~~~~~~~~^^^^^^^^^^^^^^^\n  File \"C:\\Users\\BoddifordJohn\\AppData\\Local\\Packages\\PythonSoftwareFoundation.Python.3.13_qbz5n2kfra8p0\\LocalCache\\local-packages\\Python313\\site-packages\\snowflake\\connector\\connection.py\", line 1970, in _authenticate\n    auth.authenticate(\n    ~~~~~~~~~~~~~~~~~^\n        auth_instance=auth_instance,\n        ^^^^^^^^^^^^^^^^^^^^^^^^^^^^\n    ...<10 lines>...\n        session_parameters=self._session_parameters,\n        ^^^^^^^^^^^^^^^^^^^^^^^^^^^^^^^^^^^^^^^^^^^^\n    )\n    ^\n  File \"C:\\Users\\BoddifordJohn\\AppData\\Local\\Packages\\PythonSoftwareFoundation.Python.3.13_qbz5n2kfra8p0\\LocalCache\\local-packages\\Python313\\site-packages\\snowflake\\connector\\auth\\_auth.py\", line 442, in authenticate\n    Error.errorhandler_wrapper(\n    ~~~~~~~~~~~~~~~~~~~~~~~~~~^\n        self._rest._connection,\n        ^^^^^^^^^^^^^^^^^^^^^^^\n    ...<12 lines>...\n        },\n        ^^\n    )\n    ^\n  File \"C:\\Users\\BoddifordJohn\\AppData\\Local\\Packages\\PythonSoftwareFoundation.Python.3.13_qbz5n2kfra8p0\\LocalCache\\local-packages\\Python313\\site-packages\\snowflake\\connector\\errors.py\", line 298, in errorhandler_wrapper\n    handed_over = Error.hand_to_other_handler(\n        connection,\n    ...<2 lines>...\n        error_value,\n    )\n  File \"C:\\Users\\BoddifordJohn\\AppData\\Local\\Packages\\PythonSoftwareFoundation.Python.3.13_qbz5n2kfra8p0\\LocalCache\\local-packages\\Python313\\site-packages\\snowflake\\connector\\errors.py\", line 361, in hand_to_other_handler\n    connection.errorhandler(connection, cursor, error_class, error_value)\n    ~~~~~~~~~~~~~~~~~~~~~~~^^^^^^^^^^^^^^^^^^^^^^^^^^^^^^^^^^^^^^^^^^^^^^\n  File \"C:\\Users\\BoddifordJohn\\AppData\\Local\\Packages\\PythonSoftwareFoundation.Python.3.13_qbz5n2kfra8p0\\LocalCache\\local-packages\\Python313\\site-packages\\snowflake\\connector\\errors.py\", line 229, in default_errorhandler\n    raise error_class(\n    ...<10 lines>...\n    )\nsnowflake.connector.errors.DatabaseError: 250001 (08001): Failed to connect to DB: ARA18269.east-us-2.azure.snowflakecomputing.com:443. JWT token is invalid. [fd97cf84-972e-42bb-a46d-5e6b7bd8084f]\n", "service": "ai", "method": "__init__"}
{"timestamp": "2026-02-07T17:07:01.375264", "level": "INFO", "logger": "elli", "message": "Snowflake credentials not found, using mock vector store", "taskName": null, "service": "vector_store", "mode": "mock"}
{"timestamp": "2026-02-07T17:07:01.375516", "level": "INFO", "logger": "elli", "message": "RAG service initialized (top_k=3)", "taskName": null, "top_k": 3}
{"timestamp": "2026-02-07T17:07:01.375704", "level": "INFO", "logger": "elli", "message": "Semantic memory initialized (interval=10)", "taskName": null, "service": "semantic_memory"}
{"timestamp": "2026-02-07T17:07:01.411486", "level": "INFO", "logger": "elli", "message": "Cortex Analyst initialized for agent DEAL_AGENT", "taskName": null, "service": "cortex_analyst", "mode": "real", "auth": "pat", "agent": "DEAL_AGENT", "database": "DEV_CURATE", "schema": "CORE"}
{"timestamp": "2026-02-07T17:07:06.434246", "level": "INFO", "logger": "elli", "message": "Access token refreshed successfully", "taskName": null, "service": "salesforce_oauth", "instance_url": "https://eldridge.my.salesforce.com"}
{"timestamp": "2026-02-07T17:07:06.436108", "level": "INFO", "logger": "elli", "message": "Connected to Salesforce API via OAuth refresh token", "taskName": null, "service": "salesforce", "mode": "real", "auth_method": "oauth_refresh", "instance_url": "https://eldridge.my.salesforce.com"}
{"timestamp": "2026-02-07T17:07:06.436300", "level": "INFO", "logger": "elli", "message": "Snowflake credentials not found, using mock vector store", "taskName": null, "service": "vector_store", "mode": "mock"}
{"timestamp": "2026-02-07T17:07:06.436556", "level": "INFO", "logger": "elli", "message": "Startup validation passed", "taskName": null, "service": "app", "phase": "startup", "warnings_count": 0}
{"timestamp": "2026-02-07T17:07:06.436697", "level": "INFO", "logger": "elli", "message": "Elli is starting...", "taskName": null, "service": "app", "phase": "startup"}
{"timestamp": "2026-02-08T20:38:00.756577", "level": "INFO", "logger": "elli", "message": "Using key-pair authentication for Snowflake", "taskName": null, "service": "ai"}
{"timestamp": "2026-02-08T20:38:02.929694", "level": "ERROR", "logger": "elli", "message": "Could not connect to Snowflake: 250001 (08001): Failed to connect to DB: ARA18269.east-us-2.azure.snowflakecomputing.com:443. JWT token is invalid. [ceeded3a-6978-43a3-a825-fa584816c131]", "taskName": null, "service": "ai", "error": "250001 (08001): Failed to connect to DB: ARA18269.east-us-2.azure.snowflakecomputing.com:443. JWT token is invalid. [ceeded3a-6978-43a3-a825-fa584816c131]"}
{"timestamp": "2026-02-08T20:38:02.933366", "level": "ERROR", "logger": "elli", "message": "Error: DatabaseError: 250001 (08001): Failed to connect to DB: ARA18269.east-us-2.azure.snowflakecomputing.com:443. JWT token is invalid. [ceeded3a-6978-43a3-a825-fa584816c131]", "taskName": null, "error_type": "DatabaseError", "error_message": "250001 (08001): Failed to connect to DB: ARA18269.east-us-2.azure.snowflakecomputing.com:443. JWT token is invalid. [ceeded3a-6978-43a3-a825-fa584816c131]", "stack_trace": "Traceback (most recent call last):\n  File \"C:\\Users\\BoddifordJohn\\Downloads\\Experiment\\Elli\\services\\ai_service.py\", line 111, in __init__\n    self.connection = snowflake.connector.connect(**conn_params)\n                      ~~~~~~~~~~~~~~~~~~~~~~~~~~~^^^^^^^^^^^^^^^\n  File \"C:\\Users\\BoddifordJohn\\AppData\\Local\\Packages\\PythonSoftwareFoundation.Python.3.13_qbz5n2kfra8p0\\LocalCache\\local-packages\\Python313\\site-packages\\snowflake\\connector\\__init__.py\", line 76, in Connect\n    return SnowflakeConnection(**kwargs)\n  File \"C:\\Users\\BoddifordJohn\\AppData\\Local\\Packages\\PythonSoftwareFoundation.Python.3.13_qbz5n2kfra8p0\\LocalCache\\local-packages\\Python313\\site-packages\\snowflake\\connector\\connection.py\", line 679, in __init__\n    self.connect(**kwargs)\n    ~~~~~~~~~~~~^^^^^^^^^^\n  File \"C:\\Users\\BoddifordJohn\\AppData\\Local\\Packages\\PythonSoftwareFoundation.Python.3.13_qbz5n2kfra8p0\\LocalCache\\local-packages\\Python313\\site-packages\\snowflake\\connector\\connection.py\", line 1174, in connect\n    self.__open_connection()\n    ~~~~~~~~~~~~~~~~~~~~~~^^\n  File \"C:\\Users\\BoddifordJohn\\AppData\\Local\\Packages\\PythonSoftwareFoundation.Python.3.13_qbz5n2kfra8p0\\LocalCache\\local-packages\\Python313\\site-packages\\snowflake\\connector\\connection.py\", line 1602, in __open_connection\n    self.authenticate_with_retry(self.auth_class)\n    ~~~~~~~~~~~~~~~~~~~~~~~~~~~~^^^^^^^^^^^^^^^^^\n  File \"C:\\Users\\BoddifordJohn\\AppData\\Local\\Packages\\PythonSoftwareFoundation.Python.3.13_qbz5n2kfra8p0\\LocalCache\\local-packages\\Python313\\site-packages\\snowflake\\connector\\connection.py\", line 1938, in authenticate_with_retry\n    self._authenticate(auth_instance)\n    ~~~~~~~~~~~~~~~~~~^^^^^^^^^^^^^^^\n  File \"C:\\Users\\BoddifordJohn\\AppData\\Local\\Packages\\PythonSoftwareFoundation.Python.3.13_qbz5n2kfra8p0\\LocalCache\\local-packages\\Python313\\site-packages\\snowflake\\connector\\connection.py\", line 1970, in _authenticate\n    auth.authenticate(\n    ~~~~~~~~~~~~~~~~~^\n        auth_instance=auth_instance,\n        ^^^^^^^^^^^^^^^^^^^^^^^^^^^^\n    ...<10 lines>...\n        session_parameters=self._session_parameters,\n        ^^^^^^^^^^^^^^^^^^^^^^^^^^^^^^^^^^^^^^^^^^^^\n    )\n    ^\n  File \"C:\\Users\\BoddifordJohn\\AppData\\Local\\Packages\\PythonSoftwareFoundation.Python.3.13_qbz5n2kfra8p0\\LocalCache\\local-packages\\Python313\\site-packages\\snowflake\\connector\\auth\\_auth.py\", line 442, in authenticate\n    Error.errorhandler_wrapper(\n    ~~~~~~~~~~~~~~~~~~~~~~~~~~^\n        self._rest._connection,\n        ^^^^^^^^^^^^^^^^^^^^^^^\n    ...<12 lines>...\n        },\n        ^^\n    )\n    ^\n  File \"C:\\Users\\BoddifordJohn\\AppData\\Local\\Packages\\PythonSoftwareFoundation.Python.3.13_qbz5n2kfra8p0\\LocalCache\\local-packages\\Python313\\site-packages\\snowflake\\connector\\errors.py\", line 298, in errorhandler_wrapper\n    handed_over = Error.hand_to_other_handler(\n        connection,\n    ...<2 lines>...\n        error_value,\n    )\n  File \"C:\\Users\\BoddifordJohn\\AppData\\Local\\Packages\\PythonSoftwareFoundation.Python.3.13_qbz5n2kfra8p0\\LocalCache\\local-packages\\Python313\\site-packages\\snowflake\\connector\\errors.py\", line 361, in hand_to_other_handler\n    connection.errorhandler(connection, cursor, error_class, error_value)\n    ~~~~~~~~~~~~~~~~~~~~~~~^^^^^^^^^^^^^^^^^^^^^^^^^^^^^^^^^^^^^^^^^^^^^^\n  File \"C:\\Users\\BoddifordJohn\\AppData\\Local\\Packages\\PythonSoftwareFoundation.Python.3.13_qbz5n2kfra8p0\\LocalCache\\local-packages\\Python313\\site-packages\\snowflake\\connector\\errors.py\", line 229, in default_errorhandler\n    raise error_class(\n    ...<10 lines>...\n    )\nsnowflake.connector.errors.DatabaseError: 250001 (08001): Failed to connect to DB: ARA18269.east-us-2.azure.snowflakecomputing.com:443. JWT token is invalid. [ceeded3a-6978-43a3-a825-fa584816c131]\n", "service": "ai", "method": "__init__"}
{"timestamp": "2026-02-08T20:38:02.933865", "level": "INFO", "logger": "elli", "message": "Snowflake credentials not found, using mock vector store", "taskName": null, "service": "vector_store", "mode": "mock"}
{"timestamp": "2026-02-08T20:38:02.934210", "level": "INFO", "logger": "elli", "message": "RAG service initialized (top_k=3)", "taskName": null, "top_k": 3}
{"timestamp": "2026-02-08T20:38:02.934516", "level": "INFO", "logger": "elli", "message": "Semantic memory initialized (interval=10)", "taskName": null, "service": "semantic_memory"}
{"timestamp": "2026-02-08T20:38:02.993277", "level": "INFO", "logger": "elli", "message": "Cortex Analyst initialized for agent DEAL_AGENT", "taskName": null, "service": "cortex_analyst", "mode": "real", "auth": "pat", "agent": "DEAL_AGENT", "database": "DEV_CURATE", "schema": "CORE"}
{"timestamp": "2026-02-08T20:38:07.798028", "level": "INFO", "logger": "elli", "message": "Access token refreshed successfully", "taskName": null, "service": "salesforce_oauth", "instance_url": "https://eldridge.my.salesforce.com"}
{"timestamp": "2026-02-08T20:38:07.800231", "level": "INFO", "logger": "elli", "message": "Connected to Salesforce API via OAuth refresh token", "taskName": null, "service": "salesforce", "mode": "real", "auth_method": "oauth_refresh", "instance_url": "https://eldridge.my.salesforce.com"}
{"timestamp": "2026-02-08T20:38:07.800566", "level": "INFO", "logger": "elli", "message": "Snowflake credentials not found, using mock vector store", "taskName": null, "service": "vector_store", "mode": "mock"}
{"timestamp": "2026-02-08T20:38:07.801155", "level": "INFO", "logger": "elli", "message": "Startup validation passed", "taskName": null, "service": "app", "phase": "startup", "warnings_count": 0}
{"timestamp": "2026-02-08T20:38:07.801453", "level": "INFO", "logger": "elli", "message": "Elli is starting...", "taskName": null, "service": "app", "phase": "startup"}
{"timestamp": "2026-02-08T20:38:17.047660", "level": "INFO", "logger": "elli", "message": "Parsed deal message", "taskName": null, "service": "deal_parser", "opportunity_name": "Edmentum Transaction Type: New platform - Refinance Strategy: Private Credit (MM &amp; DCF) Sponsor: Vistria Group Sourc", "strategy": "Corporate Credit", "security_type": "Delay Draw Term Loan", "stage": "Initial Review", "confidence": 1.0, "fields_found": 5}
{"timestamp": "2026-02-08T20:38:17.048098", "level": "INFO", "logger": "elli", "message": "Parsed deal from thread reply", "taskName": null, "service": "messages", "user_id": "U09FL7NTXCG", "parsed_data": {"opportunity_name": "Edmentum Transaction Type: New platform - Refinance Strategy: Private Credit (MM &amp; DCF) Sponsor: Vistria Group Sourc", "strategy": "Corporate Credit", "security_type": "Delay Draw Term Loan", "stage": "Initial Review", "close_date": "2026-03-31", "amount": 500000000, "company_name": null, "source": "the HoldCo PIK Note based", "sponsor": "Vistria Group", "transaction_type": "New platform - Refinance Strategy: Private Credit (MM &amp; DCF) Sponsor: Vistria Group Source / Banker: Houlihan Lokey (Dan Diorio) Seller: N/A (Refinancing) Internal Referrer: / Initial Deal Rating: 3 Industry Team: (Consumer - Education) Salesforce Entry: Transaction Background / Capital Structure: \u2022 Vistria purchased a majority stake in Edmentum in December 2020 from New Mountain &amp; Blackrock (both reinvested as minority shareholders) \u25e6 $500M+ of cash equity is invested in the business \u2022 ", "confidence": 1.0}}
{"timestamp": "2026-02-08T20:38:17.083532", "level": "INFO", "logger": "elli", "message": "Created deal session for user U09FL7NTXCG", "taskName": null, "service": "messages", "user_id": "U09FL7NTXCG", "company": "Edmentum Transaction Type: New platform - Refinance Strategy: Private Credit (MM &amp; DCF) Sponsor: Vistria Group Sourc", "business_unit": "default", "record_type_id": null}
{"timestamp": "2026-02-09T15:20:29.617560", "level": "INFO", "logger": "elli", "message": "Using key-pair authentication for Snowflake", "taskName": null, "service": "ai"}
{"timestamp": "2026-02-09T15:20:33.438899", "level": "ERROR", "logger": "elli", "message": "Could not connect to Snowflake: 250001 (08001): Failed to connect to DB: ARA18269.east-us-2.azure.snowflakecomputing.com:443. JWT token is invalid. [d23535ee-9765-4cf8-9e6e-a602e3f602dd]", "taskName": null, "service": "ai", "error": "250001 (08001): Failed to connect to DB: ARA18269.east-us-2.azure.snowflakecomputing.com:443. JWT token is invalid. [d23535ee-9765-4cf8-9e6e-a602e3f602dd]"}
{"timestamp": "2026-02-09T15:20:33.446181", "level": "ERROR", "logger": "elli", "message": "Error: DatabaseError: 250001 (08001): Failed to connect to DB: ARA18269.east-us-2.azure.snowflakecomputing.com:443. JWT token is invalid. [d23535ee-9765-4cf8-9e6e-a602e3f602dd]", "taskName": null, "error_type": "DatabaseError", "error_message": "250001 (08001): Failed to connect to DB: ARA18269.east-us-2.azure.snowflakecomputing.com:443. JWT token is invalid. [d23535ee-9765-4cf8-9e6e-a602e3f602dd]", "stack_trace": "Traceback (most recent call last):\n  File \"C:\\Users\\BoddifordJohn\\Downloads\\Experiment\\Elli\\services\\ai_service.py\", line 111, in __init__\n    self.connection = snowflake.connector.connect(**conn_params)\n                      ~~~~~~~~~~~~~~~~~~~~~~~~~~~^^^^^^^^^^^^^^^\n  File \"C:\\Users\\BoddifordJohn\\AppData\\Local\\Packages\\PythonSoftwareFoundation.Python.3.13_qbz5n2kfra8p0\\LocalCache\\local-packages\\Python313\\site-packages\\snowflake\\connector\\__init__.py\", line 76, in Connect\n    return SnowflakeConnection(**kwargs)\n  File \"C:\\Users\\BoddifordJohn\\AppData\\Local\\Packages\\PythonSoftwareFoundation.Python.3.13_qbz5n2kfra8p0\\LocalCache\\local-packages\\Python313\\site-packages\\snowflake\\connector\\connection.py\", line 679, in __init__\n    self.connect(**kwargs)\n    ~~~~~~~~~~~~^^^^^^^^^^\n  File \"C:\\Users\\BoddifordJohn\\AppData\\Local\\Packages\\PythonSoftwareFoundation.Python.3.13_qbz5n2kfra8p0\\LocalCache\\local-packages\\Python313\\site-packages\\snowflake\\connector\\connection.py\", line 1174, in connect\n    self.__open_connection()\n    ~~~~~~~~~~~~~~~~~~~~~~^^\n  File \"C:\\Users\\BoddifordJohn\\AppData\\Local\\Packages\\PythonSoftwareFoundation.Python.3.13_qbz5n2kfra8p0\\LocalCache\\local-packages\\Python313\\site-packages\\snowflake\\connector\\connection.py\", line 1602, in __open_connection\n    self.authenticate_with_retry(self.auth_class)\n    ~~~~~~~~~~~~~~~~~~~~~~~~~~~~^^^^^^^^^^^^^^^^^\n  File \"C:\\Users\\BoddifordJohn\\AppData\\Local\\Packages\\PythonSoftwareFoundation.Python.3.13_qbz5n2kfra8p0\\LocalCache\\local-packages\\Python313\\site-packages\\snowflake\\connector\\connection.py\", line 1938, in authenticate_with_retry\n    self._authenticate(auth_instance)\n    ~~~~~~~~~~~~~~~~~~^^^^^^^^^^^^^^^\n  File \"C:\\Users\\BoddifordJohn\\AppData\\Local\\Packages\\PythonSoftwareFoundation.Python.3.13_qbz5n2kfra8p0\\LocalCache\\local-packages\\Python313\\site-packages\\snowflake\\connector\\connection.py\", line 1970, in _authenticate\n    auth.authenticate(\n    ~~~~~~~~~~~~~~~~~^\n        auth_instance=auth_instance,\n        ^^^^^^^^^^^^^^^^^^^^^^^^^^^^\n    ...<10 lines>...\n        session_parameters=self._session_parameters,\n        ^^^^^^^^^^^^^^^^^^^^^^^^^^^^^^^^^^^^^^^^^^^^\n    )\n    ^\n  File \"C:\\Users\\BoddifordJohn\\AppData\\Local\\Packages\\PythonSoftwareFoundation.Python.3.13_qbz5n2kfra8p0\\LocalCache\\local-packages\\Python313\\site-packages\\snowflake\\connector\\auth\\_auth.py\", line 442, in authenticate\n    Error.errorhandler_wrapper(\n    ~~~~~~~~~~~~~~~~~~~~~~~~~~^\n        self._rest._connection,\n        ^^^^^^^^^^^^^^^^^^^^^^^\n    ...<12 lines>...\n        },\n        ^^\n    )\n    ^\n  File \"C:\\Users\\BoddifordJohn\\AppData\\Local\\Packages\\PythonSoftwareFoundation.Python.3.13_qbz5n2kfra8p0\\LocalCache\\local-packages\\Python313\\site-packages\\snowflake\\connector\\errors.py\", line 298, in errorhandler_wrapper\n    handed_over = Error.hand_to_other_handler(\n        connection,\n    ...<2 lines>...\n        error_value,\n    )\n  File \"C:\\Users\\BoddifordJohn\\AppData\\Local\\Packages\\PythonSoftwareFoundation.Python.3.13_qbz5n2kfra8p0\\LocalCache\\local-packages\\Python313\\site-packages\\snowflake\\connector\\errors.py\", line 361, in hand_to_other_handler\n    connection.errorhandler(connection, cursor, error_class, error_value)\n    ~~~~~~~~~~~~~~~~~~~~~~~^^^^^^^^^^^^^^^^^^^^^^^^^^^^^^^^^^^^^^^^^^^^^^\n  File \"C:\\Users\\BoddifordJohn\\AppData\\Local\\Packages\\PythonSoftwareFoundation.Python.3.13_qbz5n2kfra8p0\\LocalCache\\local-packages\\Python313\\site-packages\\snowflake\\connector\\errors.py\", line 229, in default_errorhandler\n    raise error_class(\n    ...<10 lines>...\n    )\nsnowflake.connector.errors.DatabaseError: 250001 (08001): Failed to connect to DB: ARA18269.east-us-2.azure.snowflakecomputing.com:443. JWT token is invalid. [d23535ee-9765-4cf8-9e6e-a602e3f602dd]\n", "service": "ai", "method": "__init__"}
{"timestamp": "2026-02-09T15:20:33.447289", "level": "INFO", "logger": "elli", "message": "Snowflake credentials not found, using mock vector store", "taskName": null, "service": "vector_store", "mode": "mock"}
{"timestamp": "2026-02-09T15:20:33.448650", "level": "INFO", "logger": "elli", "message": "RAG service initialized (top_k=3)", "taskName": null, "top_k": 3}
{"timestamp": "2026-02-09T15:20:33.449599", "level": "INFO", "logger": "elli", "message": "Semantic memory initialized (interval=10)", "taskName": null, "service": "semantic_memory"}
{"timestamp": "2026-02-09T15:20:33.575451", "level": "INFO", "logger": "elli", "message": "Cortex Analyst initialized for agent DEAL_AGENT", "taskName": null, "service": "cortex_analyst", "mode": "real", "auth": "pat", "agent": "DEAL_AGENT", "database": "DEV_CURATE", "schema": "CORE"}
{"timestamp": "2026-02-09T15:20:40.600215", "level": "INFO", "logger": "elli", "message": "Access token refreshed successfully", "taskName": null, "service": "salesforce_oauth", "instance_url": "https://eldridge.my.salesforce.com"}
{"timestamp": "2026-02-09T15:20:40.604814", "level": "INFO", "logger": "elli", "message": "Connected to Salesforce API via OAuth refresh token", "taskName": null, "service": "salesforce", "mode": "real", "auth_method": "oauth_refresh", "instance_url": "https://eldridge.my.salesforce.com"}
{"timestamp": "2026-02-09T15:20:40.605779", "level": "INFO", "logger": "elli", "message": "Snowflake credentials not found, using mock vector store", "taskName": null, "service": "vector_store", "mode": "mock"}
{"timestamp": "2026-02-09T15:20:40.607625", "level": "INFO", "logger": "elli", "message": "Startup validation passed", "taskName": null, "service": "app", "phase": "startup", "warnings_count": 0}
{"timestamp": "2026-02-09T15:20:40.608297", "level": "INFO", "logger": "elli", "message": "Elli is starting...", "taskName": null, "service": "app", "phase": "startup"}
{"timestamp": "2026-02-09T15:21:14.548226", "level": "INFO", "logger": "elli", "message": "Deal Agent query from user U09FL7NTXCG: what were the top 10 deals in 2025 by EBITDA", "taskName": null, "service": "commands", "user_id": "U09FL7NTXCG", "command": "ask-deal-agent"}
{"timestamp": "2026-02-09T15:21:56.328642", "level": "INFO", "logger": "elli", "message": "SSE parsing complete: 270 events, 75 text parts", "taskName": null, "service": "cortex_analyst", "request_id": "unknown"}
{"timestamp": "2026-02-09T15:21:56.329763", "level": "INFO", "logger": "elli", "message": "API call succeeded: cortex_analyst.query (1837ms)", "taskName": null, "service": "cortex_analyst", "method": "query", "duration_ms": 1837.47, "success": true, "error": null, "request_id": "unknown", "has_sql": false, "model": null, "agent": "DEAL_AGENT"}
{"timestamp": "2026-02-09T15:21:56.338163", "level": "INFO", "logger": "elli", "message": "Query succeeded: what were the top 10 deals in 2025 by EBITDA...", "taskName": null, "user_id": "U09FL7NTXCG", "query_type": "cortex_analyst", "duration_ms": 41786.25226020813, "success": true}
